,Unnamed: 0,Unnamed: 0.1,Unnamed: 0.1.1,price_in,time_in,type,price_out,time_out,stocks,open,profit,last day Close
0,0.0,0.0,ABAN,42.75,2021-07-19 03:45:59,short,43.45,2021-07-19 05:46:27,ABAN,0.0,-1.6110471806674402,
1,1.0,1.0,AAKASH,219.55,2021-07-19 03:45:59,long,220.05,2021-07-19 05:46:27,AAKASH,0.0,0.2277385561375541,
2,2.0,2.0,ANGELBRKG,1356.2,2021-07-19 03:45:59,short,1461.55,2021-07-19 03:51:41,ANGELBRKG,0.0,-7.208100988676399,
3,3.0,3.0,BANARBEADS,70.5,2021-07-19 03:45:59,long,69.0,2021-07-19 03:56:36,BANARBEADS,0.0,-2.127659574468085,
4,4.0,4.0,5PAISA,530.2,2021-07-19 03:45:59,long,550.0,2021-07-19 03:52:28,5PAISA,0.0,3.734439834024887,
5,5.0,5.0,RELINFRA,78.0,2021-07-19 03:45:59,long,79.75,2021-07-19 04:27:37,RELINFRA,0.0,2.243589743589744,
6,6.0,6.0,ASTRON,70.0,2021-07-19 03:46:02,long,71.4,2021-07-19 03:48:06,ASTRON,0.0,2.000000000000008,
7,7.0,7.0,GHCL,313.25,2021-07-19 03:46:02,long,314.0,2021-07-19 05:46:27,GHCL,0.0,0.2394253790901835,
8,8.0,8.0,GIPCL,94.5,2021-07-19 03:46:02,short,97.5,2021-07-19 04:09:35,GIPCL,0.0,-3.076923076923077,
9,9.0,9.0,HIMATSEIDE,259.05,2021-07-19 03:46:04,short,271.1,2021-07-19 05:37:34,HIMATSEIDE,0.0,-4.444854297307271,
10,10.0,10.0,INDIANHUME,233.15,2021-07-19 03:46:04,long,236.0,2021-07-19 05:46:27,INDIANHUME,0.0,1.222389019944239,
11,11.0,11.0,RKEC,100.8,2021-07-19 03:46:04,long,103.4,2021-07-19 04:17:10,RKEC,0.0,2.579365079365088,
12,12.0,12.0,ITI,133.7,2021-07-19 03:46:04,long,134.1,2021-07-19 05:46:27,ITI,0.0,0.2991772625280521,
13,13.0,13.0,MANGLMCEM,418.5,2021-07-19 03:46:06,short,420.75,2021-07-19 05:46:27,MANGLMCEM,0.0,-0.53475935828877,
14,14.0,14.0,SHREYANIND,113.5,2021-07-19 03:46:09,long,115.6,2021-07-19 03:55:23,SHREYANIND,0.0,1.850220264317176,
15,15.0,15.0,SHREYAS,193.8,2021-07-19 03:46:09,long,202.15,2021-07-19 04:46:46,SHREYAS,0.0,4.308565531475745,
16,16.0,16.0,WHEELS,768.5,2021-07-19 03:46:09,short,790.25,2021-07-19 03:56:04,WHEELS,0.0,-2.752293577981652,
17,17.0,17.0,ZODIACLOTH,134.0,2021-07-19 03:46:09,long,136.55,2021-07-19 03:51:51,ZODIACLOTH,0.0,1.9029850746268744,
18,18.0,18.0,JAICORPLTD,166.8,2021-07-19 03:46:11,short,163.6,2021-07-19 04:02:22,JAICORPLTD,0.0,1.95599022004891,
19,19.0,19.0,CYIENT,1017.65,2021-07-19 03:46:13,long,1020.8,2021-07-19 05:46:27,CYIENT,0.0,0.3095366776396577,
20,20.0,20.0,CYBERTECH,191.35,2021-07-19 03:46:13,long,195.0,2021-07-19 03:49:45,CYBERTECH,0.0,1.907499346746802,
21,21.0,21.0,INOXWIND,103.6,2021-07-19 03:46:13,long,106.5,2021-07-19 03:48:20,INOXWIND,0.0,2.799227799227805,
22,22.0,22.0,MAHLIFE,674.1,2021-07-19 03:46:13,long,681.5,2021-07-19 05:46:27,MAHLIFE,0.0,1.0977599762646455,
23,23.0,23.0,VETO,143.6,2021-07-19 03:46:13,long,135.3,2021-07-19 03:46:53,VETO,0.0,-5.7799442896935815,
24,24.0,24.0,ANUP,992.4,2021-07-19 03:46:16,short,1013.5,2021-07-19 04:01:04,ANUP,0.0,-2.081894425259005,
25,25.0,25.0,UFO,104.0,2021-07-19 03:46:16,long,106.0,2021-07-19 04:17:22,UFO,0.0,1.9230769230769231,
26,26.0,26.0,MAHESHWARI,109.45,2021-07-19 03:46:16,short,112.3,2021-07-19 04:11:53,MAHESHWARI,0.0,-2.537845057880672,
27,27.0,27.0,ARVSMART,127.05,2021-07-19 03:46:16,long,130.15,2021-07-19 04:51:57,ARVSMART,0.0,2.439984258166083,
28,28.0,28.0,CREATIVE,207.1,2021-07-19 03:46:18,long,209.05,2021-07-19 05:46:27,CREATIVE,0.0,0.9415741187832048,
29,29.0,29.0,DATAMATICS,241.65,2021-07-19 03:46:18,long,253.6,2021-07-19 03:54:50,DATAMATICS,0.0,4.945168632319465,
30,30.0,30.0,XCHANGING,102.35,2021-07-19 03:46:20,short,107.5,2021-07-19 03:57:38,XCHANGING,0.0,-4.79069767441861,
31,31.0,31.0,MANGALAM,161.55,2021-07-19 03:46:20,long,165.1,2021-07-19 03:55:35,MANGALAM,0.0,2.197462086041462,
32,32.0,32.0,ICIL,199.95,2021-07-19 03:46:20,long,206.15,2021-07-19 03:51:20,ICIL,0.0,3.1007751937984582,
33,33.0,33.0,DOLAT,105.0,2021-07-19 03:46:20,long,106.8,2021-07-19 03:50:38,DOLAT,0.0,1.7142857142857115,
34,34.0,34.0,PRECAM,89.95,2021-07-19 03:46:20,long,90.4,2021-07-19 05:46:27,PRECAM,0.0,0.5002779321845502,
35,35.0,35.0,NAHARINDUS,111.2,2021-07-19 03:46:20,short,113.6,2021-07-19 05:46:27,NAHARINDUS,0.0,-2.112676056338021,
36,36.0,36.0,INDOTECH,255.0,2021-07-19 03:46:20,long,259.95,2021-07-19 03:52:49,INDOTECH,0.0,1.9411764705882308,
37,37.0,37.0,KELLTONTEC,60.6,2021-07-19 03:46:23,long,62.2,2021-07-19 03:57:40,KELLTONTEC,0.0,2.6402640264026425,
38,38.0,38.0,GEECEE,179.0,2021-07-19 03:46:23,long,183.85,2021-07-19 04:49:14,GEECEE,0.0,2.709497206703908,
39,39.0,39.0,INSPIRISYS,69.6,2021-07-19 03:46:23,long,68.15,2021-07-19 03:50:41,INSPIRISYS,0.0,-2.083333333333317,
40,40.0,40.0,SUTLEJTEX,78.85,2021-07-19 03:46:23,short,75.35,2021-07-19 04:56:39,SUTLEJTEX,0.0,4.644990046449901,
41,41.0,41.0,DONEAR,52.8,2021-07-19 03:46:23,long,53.95,2021-07-19 03:49:55,DONEAR,0.0,2.178030303030314,
42,42.0,42.0,SIYSIL,420.15,2021-07-19 03:46:23,short,422.25,2021-07-19 05:46:27,SIYSIL,0.0,-0.4973357015985844,
43,43.0,43.0,IZMO,86.05,2021-07-19 03:46:25,long,87.75,2021-07-19 03:56:22,IZMO,0.0,1.975595583962816,
44,44.0,44.0,ORIENTBELL,321.0,2021-07-19 03:46:25,long,330.15,2021-07-19 03:51:25,ORIENTBELL,0.0,2.850467289719619,
45,45.0,45.0,FSL,224.6,2021-07-19 03:46:25,long,228.9,2021-07-19 03:52:53,FSL,0.0,1.9145146927871823,
46,46.0,46.0,NAHARSPING,315.0,2021-07-19 03:46:25,short,308.65,2021-07-19 03:51:25,NAHARSPING,0.0,2.057346508990774,
47,47.0,47.0,BANSWRAS,209.0,2021-07-19 03:46:25,short,210.65,2021-07-19 05:46:27,BANSWRAS,0.0,-0.7832898172323787,
48,48.0,48.0,AROGRANITE,68.7,2021-07-19 03:46:25,long,70.4,2021-07-19 03:50:43,AROGRANITE,0.0,2.4745269286754046,
49,49.0,49.0,BFUTILITIE,525.1,2021-07-19 03:46:25,short,534.25,2021-07-19 05:46:27,BFUTILITIE,0.0,-1.7126813289658358,
50,50.0,50.0,NELCAST,90.6,2021-07-19 03:46:25,short,89.6,2021-07-19 05:46:27,NELCAST,0.0,1.1160714285714286,
51,51.0,51.0,V2RETAIL,125.95,2021-07-19 03:46:25,long,129.7,2021-07-19 03:52:53,V2RETAIL,0.0,2.9773719730051496,
52,52.0,52.0,TARMAT,83.45,2021-07-19 03:46:25,short,87.65,2021-07-19 05:36:29,TARMAT,0.0,-4.79178551055334,
53,53.0,53.0,MADHAV,65.35,2021-07-19 03:46:27,long,67.4,2021-07-19 03:53:36,MADHAV,0.0,3.136954858454493,
54,54.0,54.0,BIRLAMONEY,77.95,2021-07-19 03:46:27,long,79.75,2021-07-19 03:49:16,BIRLAMONEY,0.0,2.3091725465041657,
55,55.0,55.0,KNRCON,250.0,2021-07-19 03:46:27,long,255.8,2021-07-19 03:59:10,KNRCON,0.0,2.3200000000000047,
56,56.0,56.0,HERCULES,170.0,2021-07-19 03:46:27,long,175.0,2021-07-19 04:10:01,HERCULES,0.0,2.941176470588235,
57,57.0,57.0,GSS,74.25,2021-07-19 03:46:27,long,76.35,2021-07-19 03:50:46,GSS,0.0,2.8282828282828203,
58,58.0,58.0,PANACHE,76.05,2021-07-19 03:46:27,long,78.15,2021-07-19 03:47:07,PANACHE,0.0,2.761341222879696,
59,59.0,59.0,20MICRONS,67.75,2021-07-19 03:46:30,short,68.6,2021-07-19 05:46:27,20MICRONS,0.0,-1.239067055393578,
60,60.0,60.0,ALKALI,89.0,2021-07-19 03:46:30,long,90.9,2021-07-19 04:02:40,ALKALI,0.0,2.134831460674164,
61,61.0,61.0,MAWANASUG,95.7,2021-07-19 03:46:30,long,99.85,2021-07-19 05:08:09,MAWANASUG,0.0,4.3364681295715695,
62,62.0,62.0,AJMERA,297.0,2021-07-19 03:46:30,long,306.75,2021-07-19 04:23:30,AJMERA,0.0,3.282828282828284,
63,63.0,63.0,SPAL,298.35,2021-07-19 03:46:30,long,304.85,2021-07-19 03:51:30,SPAL,0.0,2.178649237472767,
64,64.0,64.0,ISFT,116.9,2021-07-19 03:46:32,short,118.1,2021-07-19 05:46:27,ISFT,0.0,-1.016088060965274,
65,65.0,65.0,GNA,510.05,2021-07-19 03:46:32,long,506.6,2021-07-19 05:46:27,GNA,0.0,-0.6764042740907732,
66,66.0,66.0,MARATHON,85.0,2021-07-19 03:46:32,long,87.85,2021-07-19 03:57:09,MARATHON,0.0,3.3529411764705817,
67,67.0,67.0,EMAMIREAL,81.55,2021-07-19 03:46:32,short,83.7,2021-07-19 03:55:05,EMAMIREAL,0.0,-2.568697729988059,
68,68.0,68.0,TERASOFT,75.9,2021-07-19 03:46:32,long,78.7,2021-07-19 03:56:29,TERASOFT,0.0,3.689064558629772,
69,69.0,69.0,HISARMETAL,134.7,2021-07-19 03:46:32,long,137.1,2021-07-19 03:51:33,HISARMETAL,0.0,1.781737193763924,
70,70.0,70.0,RAMKY,197.8,2021-07-19 03:46:32,short,190.0,2021-07-19 03:47:12,RAMKY,0.0,4.105263157894743,
71,71.0,71.0,APCL,444.05,2021-07-19 03:46:35,short,458.95,2021-07-19 04:12:12,APCL,0.0,-3.246541017540032,
72,72.0,72.0,CDSL,1381.6,2021-07-19 03:46:35,long,1441.0,2021-07-19 03:53:43,CDSL,0.0,4.299363057324848,
73,73.0,73.0,DYNPRO,512.5,2021-07-19 03:46:35,long,516.9,2021-07-19 05:46:27,DYNPRO,0.0,0.8585365853658492,
74,74.0,74.0,WORTH,111.9,2021-07-19 03:46:35,short,111.05,2021-07-19 05:46:27,WORTH,0.0,0.7654209815398546,
75,75.0,75.0,TOTAL,55.6,2021-07-19 03:46:35,long,57.4,2021-07-19 03:53:03,TOTAL,0.0,3.237410071942441,
76,76.0,76.0,FILATEX,107.6,2021-07-19 03:46:37,long,107.1,2021-07-19 05:46:27,FILATEX,0.0,-0.4646840148698885,
77,77.0,77.0,DSSL,152.0,2021-07-19 03:46:37,long,154.75,2021-07-19 03:50:10,DSSL,0.0,1.8092105263157896,
78,78.0,78.0,MINDACORP,140.2,2021-07-19 03:46:37,long,143.65,2021-07-19 04:39:03,MINDACORP,0.0,2.460770328102723,
79,79.0,79.0,SPECIALITY,70.3,2021-07-19 03:46:37,long,71.9,2021-07-19 03:50:10,SPECIALITY,0.0,2.275960170697025,
80,80.0,80.0,CINELINE,48.75,2021-07-19 03:46:37,long,49.9,2021-07-19 03:57:55,CINELINE,0.0,2.358974358974356,
81,81.0,81.0,KITEX,182.7,2021-07-19 03:46:37,short,183.65,2021-07-19 05:46:27,KITEX,0.0,-0.5172883201742537,
82,82.0,82.0,SEYAIND,68.2,2021-07-19 03:46:37,long,69.9,2021-07-19 03:53:46,SEYAIND,0.0,2.492668621700884,
83,83.0,83.0,HAPPSTMNDS,1431.7,2021-07-19 03:46:37,long,1498.0,2021-07-19 03:55:10,HAPPSTMNDS,0.0,4.630858420060066,
84,84.0,84.0,,45.6,2021-07-20 03:45:02,short,44.05,2021-07-20 03:46:10,ABAN,43.45000076293945,3.5187287173666384,43.45000076293945
85,85.0,85.0,,1386.6,2021-07-20 03:45:02,short,1423.95,2021-07-20 03:45:38,ANGELBRKG,1347.1500244140625,-2.622985357631949,1347.0
86,86.0,86.0,,66.05,2021-07-20 03:45:04,long,67.0,2021-07-20 03:46:10,ASTRON,70.1500015258789,1.438304314912949,70.0
87,87.0,87.0,,68.5,2021-07-20 03:45:04,short,68.8,2021-07-20 03:46:10,KHAICHEM,66.5,-0.4360465116279028,66.5
88,88.0,88.0,,88.25,2021-07-20 03:45:06,long,88.25,2021-07-20 03:46:10,SHIVAMILLS,90.9000015258789,0.0,91.0999984741211
89,89.0,89.0,,236.0,2021-07-20 03:45:06,short,238.0,2021-07-20 03:46:10,KABRAEXTRU,225.0,-0.8403361344537815,225.25
90,90.0,90.0,,427.0,2021-07-20 03:45:09,short,428.35,2021-07-20 03:46:10,MANGLMCEM,418.0499877929688,-0.3151628341309729,418.9500122070313
91,91.0,91.0,,200.65,2021-07-20 03:45:15,short,202.95,2021-07-20 03:46:10,GOODLUCK,194.8999938964844,-1.13328406011332,194.8999938964844
92,92.0,92.0,,103.0,2021-07-20 03:45:15,long,103.0,2021-07-20 03:46:10,LAMBODHARA,106.3000030517578,0.0,106.3499984741211
93,93.0,93.0,,40.2,2021-07-20 03:45:15,short,40.2,2021-07-20 03:46:10,RSSOFTWARE,38.0,0.0,38.04999923706055
94,94.0,94.0,,62.95,2021-07-20 03:45:15,short,62.95,2021-07-20 03:46:10,TREJHARA,60.650001525878906,0.0,60.650001525878906
95,95.0,95.0,,782.7,2021-07-20 03:45:15,short,779.65,2021-07-20 03:46:10,RPSGVENT,760.0,0.3912011800166829,760.0
96,96.0,96.0,,88.3,2021-07-20 03:45:17,short,89.95,2021-07-20 03:46:10,STEELCITY,83.0,-1.834352418010012,83.0
97,97.0,97.0,,315.0,2021-07-20 03:45:17,long,315.0,2021-07-20 03:46:10,PONNIERODE,323.3500061035156,0.0,322.6499938964844
98,98.0,98.0,,71.95,2021-07-20 03:45:17,short,66.2,2021-07-20 03:45:52,OMAXAUTO,68.25,8.685800604229607,68.4000015258789
99,99.0,99.0,,171.7,2021-07-20 03:45:19,short,172.1,2021-07-20 03:46:10,DCMNVL,166.25,-0.2324230098779812,166.25
100,100.0,100.0,,355.95,2021-07-20 03:45:19,short,347.35,2021-07-20 03:45:54,SIRCA,349.04998779296875,2.475888872894765,349.04998779296875
101,101.0,101.0,,62.05,2021-07-20 03:45:19,long,62.5,2021-07-20 03:46:10,JAIBALAJI,63.79999923706055,0.7252215954875147,63.79999923706055
102,102.0,102.0,,136.9,2021-07-20 03:45:19,short,136.9,2021-07-20 03:46:10,UNIENTER,133.4499969482422,0.0,134.4499969482422
103,103.0,103.0,,312.35,2021-07-20 03:45:19,short,315.0,2021-07-20 03:46:10,DATAMATICS,300.5,-0.8412698412698341,300.5
104,104.0,104.0,,117.1,2021-07-20 03:45:21,short,117.85,2021-07-20 03:46:10,XCHANGING,115.5999984741211,-0.6364022061943148,115.5999984741211
105,105.0,105.0,,240.0,2021-07-20 03:45:21,long,240.0,2021-07-20 03:46:10,INDOTECH,249.5,0.0,250.0
106,106.0,106.0,,80.15,2021-07-20 03:45:21,short,79.05,2021-07-20 03:46:10,GALLANTT,78.5999984741211,1.391524351676165,78.8499984741211
107,107.0,107.0,,166.95,2021-07-20 03:45:23,short,167.0,2021-07-20 03:46:10,ALLCARGO,162.5,-0.0299401197604858,162.5
108,108.0,108.0,,184.0,2021-07-20 03:45:23,short,184.0,2021-07-20 03:46:10,GEECEE,179.35000610351562,0.0,179.0500030517578
109,109.0,109.0,,163.8,2021-07-20 03:45:23,long,163.45,2021-07-20 03:45:58,HIRECT,163.64999389648438,-0.2136752136752275,163.9499969482422
110,110.0,110.0,,265.75,2021-07-20 03:45:23,long,270.1,2021-07-20 03:46:10,PLASTIBLEN,273.0,1.6368767638758317,273.54998779296875
111,111.0,111.0,,90.9,2021-07-20 03:45:25,short,89.4,2021-07-20 03:46:10,IZMO,88.4000015258789,1.6778523489932886,88.4000015258789
112,112.0,112.0,,142.85,2021-07-20 03:45:25,short,142.9,2021-07-20 03:46:10,INDIANB,139.8000030517578,-0.0349895031490632,139.8000030517578
113,113.0,113.0,,194.0,2021-07-20 03:45:25,short,193.85,2021-07-20 03:46:10,SMSPHARMA,189.4499969482422,0.0773794170750609,189.4499969482422
114,114.0,114.0,,244.8,2021-07-20 03:45:25,short,235.15,2021-07-20 03:46:10,CHEMBOND,230.6999969482422,4.103763555177548,230.8999938964844
115,115.0,115.0,,93.35,2021-07-20 03:45:25,short,91.95,2021-07-20 03:46:10,OMAXE,91.0999984741211,1.5225666122892785,91.3000030517578
116,116.0,116.0,,1129.95,2021-07-20 03:45:27,short,1120.85,2021-07-20 03:46:10,MOTILALOFS,1104.5,0.8118838381585527,1103.0
117,117.0,117.0,,409.4,2021-07-20 03:45:27,short,409.4,2021-07-20 03:46:10,MAANALU,400.8500061035156,0.0,401.0
118,118.0,118.0,,234.65,2021-07-20 03:45:27,long,234.65,2021-07-20 03:46:10,HITECHCORP,233.1499938964844,0.0,234.9499969482422
119,119.0,119.0,,114.2,2021-07-20 03:45:27,short,113.9,2021-07-20 03:46:10,SHALPAINTS,111.4000015258789,0.2633889376646156,111.1999969482422
120,120.0,120.0,,42.5,2021-07-20 03:45:27,short,42.5,2021-07-20 03:46:10,BHARATWIRE,79.0999984741211,0.0,79.0
121,121.0,121.0,,96.0,2021-07-20 03:45:29,long,99.0,2021-07-20 03:46:04,MOLDTECH,99.0999984741211,3.125,99.3499984741211
122,122.0,122.0,,100.45,2021-07-20 03:45:29,short,100.7,2021-07-20 03:46:10,GPTINFRA,98.0,-0.2482621648460774,98.0
123,123.0,123.0,,643.3,2021-07-20 03:45:29,short,641.1,2021-07-20 03:46:10,SHILPAMED,627.0,0.3431601934175529,626.8499755859375
124,124.0,124.0,,98.85,2021-07-20 03:45:29,short,99.7,2021-07-20 03:46:10,MINDTECK,96.1500015258789,-0.8525576730190656,96.1500015258789
125,125.0,125.0,,54.0,2021-07-20 03:45:29,long,54.0,2021-07-20 03:46:10,DEEPENR,56.5,0.0,56.650001525878906
126,126.0,126.0,,122.45,2021-07-20 03:45:31,short,124.0,2021-07-20 03:46:10,ISFT,118.0999984741211,-1.2499999999999976,118.0999984741211
127,127.0,127.0,,85.0,2021-07-20 03:45:31,short,84.9,2021-07-20 03:46:10,HPL,83.19999694824219,0.1177856301531146,83.19999694824219
128,128.0,128.0,,86.3,2021-07-20 03:45:31,short,85.9,2021-07-20 03:46:10,EMAMIREAL,83.69999694824219,0.4656577415599434,83.69999694824219
129,129.0,129.0,,83.75,2021-07-20 03:45:31,short,84.0,2021-07-20 03:46:10,TERASOFT,81.6500015258789,-0.2976190476190476,81.5999984741211
130,130.0,130.0,,1379.65,2021-07-20 03:45:31,short,1403.9,2021-07-20 03:46:10,BSE,1334.949951171875,-1.7273310064819432,1334.949951171875
131,131.0,131.0,,149.3,2021-07-20 03:45:31,short,149.8,2021-07-20 03:46:10,CAREERP,145.25,-0.3337783711615487,145.5500030517578
132,132.0,132.0,,207.0,2021-07-20 03:45:31,short,207.0,2021-07-20 03:46:10,RAMKY,198.8500061035156,0.0,198.8500061035156
133,133.0,133.0,,496.95,2021-07-20 03:45:33,short,499.3,2021-07-20 03:46:10,APCL,484.0,-0.4706589224914926,483.1000061035156
134,134.0,134.0,,101.65,2021-07-20 03:45:33,short,102.65,2021-07-20 03:46:10,RPPINFRA,96.0999984741211,-0.974184120798831,95.9499969482422
135,135.0,135.0,,774.4,2021-07-20 03:45:33,short,774.8,2021-07-20 03:46:10,ERIS,755.5,-0.0516262261228674,755.4000244140625
136,136.0,136.0,,352.0,2021-07-20 03:45:33,short,347.0,2021-07-20 03:46:10,MAGADSUGAR,341.3500061035156,1.440922190201729,340.95001220703125
137,137.0,137.0,,234.8,2021-07-20 03:45:33,short,234.9,2021-07-20 03:46:10,DCAL,228.8999938964844,-0.0425713069391206,228.75
138,138.0,138.0,,112.0,2021-07-20 03:45:33,short,111.5,2021-07-20 03:46:10,WORTH,109.8499984741211,0.4484304932735426,109.8000030517578
139,139.0,139.0,,95.9,2021-07-20 03:45:36,short,95.9,2021-07-20 03:46:10,BROOKS,90.4499969482422,0.0,90.5
140,140.0,140.0,,186.85,2021-07-20 03:45:36,long,186.7,2021-07-20 03:46:10,KITEX,192.5,-0.0802782981000833,192.5
141,141.0,141.0,,196.25,2021-07-20 03:45:36,short,197.45,2021-07-20 03:46:10,ROSSELLIND,188.75,-0.6077487971638332,188.8000030517578
142,142.0,142.0,,78.3,2021-07-20 03:45:36,short,78.2,2021-07-20 03:46:10,SEYAIND,76.0,0.1278772378516551,76.19999694824219
143,143.0,143.0,,97.1,2021-07-20 03:45:36,long,97.9,2021-07-20 03:46:10,ADANIPOWER,102.4499969482422,0.8238928939238017,102.4000015258789
144,144.0,,,45.6,2021-07-21 03:45:01,short,45.6,2021-07-21 03:46:01,ABAN,45.59999847412109,0.0,45.59999847412109
145,145.0,,,535.55,2021-07-21 03:45:01,long,535.55,2021-07-21 03:46:01,ANDHRSUGAR,541.2000122070312,0.0,540.5
146,146.0,,,244.1,2021-07-21 03:45:01,long,244.1,2021-07-21 03:46:01,ANDHRAPAP,246.6000061035156,0.0,246.5
147,147.0,,,102.2,2021-07-21 03:45:01,long,102.2,2021-07-21 03:46:01,ARVIND,103.3000030517578,0.0,103.1999969482422
148,148.0,,,368.15,2021-07-21 03:45:01,short,368.15,2021-07-21 03:46:01,UNIDT,360.6000061035156,0.0,360.4500122070313
149,149.0,,,427.1,2021-07-21 03:45:01,long,427.1,2021-07-21 03:46:01,IEX,433.1000061035156,0.0,432.1499938964844
150,150.0,,,176.9,2021-07-21 03:45:01,long,176.9,2021-07-21 03:46:01,GICRE,176.89999389648438,0.0,176.9499969482422
151,151.0,,,1272.05,2021-07-21 03:45:01,long,1272.05,2021-07-21 03:46:01,ANGELBRKG,1270.050048828125,0.0,1269.8499755859375
152,152.0,,,336.1,2021-07-21 03:45:01,long,336.1,2021-07-21 03:46:01,BALRAMCHIN,337.6499938964844,0.0,337.6499938964844
153,153.0,,,64.75,2021-07-21 03:45:01,long,64.75,2021-07-21 03:46:01,BANARBEADS,65.3499984741211,0.0,65.3499984741211
154,154.0,,,181.2,2021-07-21 03:45:01,long,181.2,2021-07-21 03:46:01,BEL,181.3999938964844,0.0,181.4499969482422
155,155.0,,,567.15,2021-07-21 03:45:01,long,567.15,2021-07-21 03:46:01,MAHLOG,569.2000122070312,0.0,569.75
156,156.0,,,158.5,2021-07-21 03:45:01,long,158.5,2021-07-21 03:46:01,NIACL,161.0,0.0,161.0
157,157.0,,,864.95,2021-07-21 03:45:01,short,864.95,2021-07-21 03:46:01,BERGEPAINT,844.5999755859375,0.0,846.0
158,158.0,,,166.9,2021-07-21 03:45:01,long,166.9,2021-07-21 03:46:01,BEPL,169.8000030517578,0.0,169.3000030517578
159,159.0,,,285.15,2021-07-21 03:45:01,long,285.15,2021-07-21 03:46:01,KHADIM,287.79998779296875,0.0,288.0
160,160.0,,,123.6,2021-07-21 03:45:01,short,123.6,2021-07-21 03:46:01,BHARATGEAR,119.75,0.0,121.0
161,161.0,,,514.1,2021-07-21 03:45:01,long,514.1,2021-07-21 03:46:01,5PAISA,524.7000122070312,0.0,524.7000122070312
162,162.0,,,663.45,2021-07-21 03:45:01,long,663.45,2021-07-21 03:46:01,HDFCLIFE,671.0,0.0,670.7999877929688
163,163.0,,,103.25,2021-07-21 03:45:01,long,103.25,2021-07-21 03:46:01,BOMDYEING,105.3499984741211,0.0,105.3000030517578
164,164.0,,,873.25,2021-07-21 03:45:01,long,873.25,2021-07-21 03:46:01,UTIAMC,885.7000122070312,0.0,887.2000122070312
165,165.0,,,60.55,2021-07-21 03:45:01,long,60.55,2021-07-21 03:46:01,BSL,60.70000076293945,0.0,60.84999847412109
166,166.0,,,631.7,2021-07-21 03:45:01,long,631.7,2021-07-21 03:46:01,GRAPHITE,632.0,0.0,632.0
167,167.0,,,438.0,2021-07-21 03:45:01,long,438.0,2021-07-21 03:46:01,CENTENKA,439.6499938964844,0.0,439.0
168,168.0,,,694.55,2021-07-21 03:45:01,long,694.55,2021-07-21 03:46:01,CENTURYTEX,701.8499755859375,0.0,697.25
169,169.0,,,490.2,2021-07-21 03:45:03,long,490.2,2021-07-21 03:46:01,CHOLAFIN,494.1000061035156,0.0,495.2000122070313
170,170.0,,,148.95,2021-07-21 03:45:03,long,148.95,2021-07-21 03:46:01,HEMIPROP,151.0,0.0,150.6999969482422
171,171.0,,,188.85,2021-07-21 03:45:03,long,188.85,2021-07-21 03:46:01,SHALBY,192.3999938964844,0.0,192.3999938964844
172,172.0,,,581.05,2021-07-21 03:45:03,long,581.05,2021-07-21 03:46:01,CLNINDIA,583.7000122070312,0.0,583.75
173,173.0,,,184.4,2021-07-21 03:45:03,long,184.4,2021-07-21 03:46:01,TATACOFFEE,186.1999969482422,0.0,186.1999969482422
174,174.0,,,1105.8,2021-07-21 03:45:03,long,1105.8,2021-07-21 03:46:01,COSMOFILMS,1112.0999755859375,0.0,1112.0
175,175.0,,,88.8,2021-07-21 03:45:03,long,88.8,2021-07-21 03:46:01,FSC,91.0,0.0,91.0
176,176.0,,,450.65,2021-07-21 03:45:03,long,450.65,2021-07-21 03:46:01,DALMIASUG,450.0,0.0,449.6499938964844
177,177.0,,,38.5,2021-07-21 03:45:03,long,38.5,2021-07-21 03:46:01,DCW,38.650001525878906,0.0,38.75
178,178.0,,,351.05,2021-07-21 03:45:03,long,351.05,2021-07-21 03:46:01,DHAMPURSUG,355.25,0.0,355.25
179,179.0,,,66.0,2021-07-21 03:45:03,long,66.0,2021-07-21 03:46:01,ASTRON,65.94999694824219,0.0,65.9000015258789
180,180.0,,,62.1,2021-07-21 03:45:03,long,62.1,2021-07-21 03:46:01,EQUITASBNK,63.95000076293945,0.0,63.900001525878906
181,181.0,,,110.15,2021-07-21 03:45:03,long,110.15,2021-07-21 03:46:01,EIHOTEL,111.0999984741211,0.0,111.0999984741211
182,182.0,,,64.45,2021-07-21 03:45:03,long,64.45,2021-07-21 03:46:01,SUBEXLTD,65.44999694824219,0.0,65.44999694824219
183,183.0,,,237.85,2021-07-21 03:45:03,long,237.85,2021-07-21 03:46:01,EPL,239.0,0.0,239.0
184,184.0,,,83.75,2021-07-21 03:45:03,long,83.75,2021-07-21 03:46:01,FEDERALBNK,83.8499984741211,0.0,84.0999984741211
185,185.0,,,518.1,2021-07-21 03:45:03,long,518.1,2021-07-21 03:46:01,FINCABLES,521.2000122070312,0.0,521.2000122070312
186,186.0,,,362.1,2021-07-21 03:45:03,long,362.1,2021-07-21 03:46:01,ZENSARTECH,362.5,0.0,364.7000122070313
187,187.0,,,301.2,2021-07-21 03:45:03,long,301.2,2021-07-21 03:46:01,GHCL,301.3500061035156,0.0,301.20001220703125
188,188.0,,,116.4,2021-07-21 03:45:03,long,116.4,2021-07-21 03:46:01,APOLLO,117.0,0.0,116.9000015258789
189,189.0,,,176.0,2021-07-21 03:45:03,long,176.0,2021-07-21 03:46:01,GICHSGFIN,178.8000030517578,0.0,178.64999389648438
190,190.0,,,92.3,2021-07-21 03:45:03,long,92.3,2021-07-21 03:46:01,GIPCL,93.3499984741211,0.0,93.3499984741211
191,191.0,,,664.6,2021-07-21 03:45:03,long,664.6,2021-07-21 03:46:01,NEWGEN,664.5999755859375,0.0,664.5999755859375
192,192.0,,,578.45,2021-07-21 03:45:03,long,578.45,2021-07-21 03:46:01,GMBREW,584.4000244140625,0.0,584.8499755859375
193,193.0,,,295.1,2021-07-21 03:45:03,long,295.1,2021-07-21 03:46:01,FMGOETZE,296.6499938964844,0.0,296.3999938964844
194,194.0,,,618.2,2021-07-21 03:45:03,short,618.2,2021-07-21 03:46:01,KANSAINER,602.9000244140625,0.0,603.5499877929688
195,195.0,,,161.35,2021-07-21 03:45:03,long,161.35,2021-07-21 03:46:01,GREAVESCOT,162.60000610351562,0.0,162.10000610351562
196,196.0,,,455.95,2021-07-21 03:45:03,long,455.95,2021-07-21 03:46:01,GUJALKALI,459.5,0.0,459.5
197,197.0,,,404.45,2021-07-21 03:45:03,short,404.45,2021-07-21 03:46:01,AMBUJACEM,404.5499877929688,0.0,405.6000061035156
198,198.0,,,208.3,2021-07-21 03:45:05,long,208.3,2021-07-21 03:46:01,HARRMALAYA,210.25,0.0,210.0500030517578
199,199.0,,,54.6,2021-07-21 03:45:05,long,54.6,2021-07-21 03:46:01,MARINE,54.59999847412109,0.0,54.84999847412109
200,200.0,,,383.0,2021-07-21 03:45:05,long,383.0,2021-07-21 03:46:01,HINDALCO,386.25,0.0,385.7999877929688
201,201.0,,,118.05,2021-07-21 03:45:05,long,118.05,2021-07-21 03:46:01,HINDOILEXP,119.0999984741211,0.0,118.9000015258789
202,202.0,,,252.7,2021-07-21 03:45:05,long,252.7,2021-07-21 03:46:01,HSIL,255.8500061035156,0.0,255.3999938964844
203,203.0,,,333.0,2021-07-21 03:45:05,long,333.0,2021-07-21 03:46:01,HINDZINC,332.20001220703125,0.0,332.25
204,204.0,,,143.0,2021-07-21 03:45:05,long,143.0,2021-07-21 03:46:01,INDHOTEL,145.64999389648438,0.0,145.64999389648438
205,205.0,,,196.45,2021-07-21 03:45:05,short,196.45,2021-07-21 03:46:01,INDIACEM,196.8999938964844,0.0,196.6499938964844
206,206.0,,,691.3,2021-07-21 03:45:05,long,691.3,2021-07-21 03:46:01,INDIAGLYCO,696.6500244140625,0.0,697.0
207,207.0,,,223.0,2021-07-21 03:45:05,long,223.0,2021-07-21 03:46:01,INDIANHUME,225.0,0.0,225.6000061035156
208,208.0,,,96.4,2021-07-21 03:45:05,long,96.4,2021-07-21 03:46:01,RKEC,96.0,0.0,96.0
209,209.0,,,53.7,2021-07-21 03:45:05,long,53.7,2021-07-21 03:46:01,MGEL,55.0,0.0,55.0
210,210.0,,,474.3,2021-07-21 03:45:05,long,474.3,2021-07-21 03:46:01,HGINFRA,478.7000122070313,0.0,478.6000061035156
211,211.0,,,129.95,2021-07-21 03:45:05,long,129.95,2021-07-21 03:46:01,ITI,131.0500030517578,0.0,130.9499969482422
212,212.0,,,109.9,2021-07-21 03:45:05,long,109.9,2021-07-21 03:46:01,JAYSREETEA,110.6999969482422,0.0,110.9000015258789
213,213.0,,,1024.95,2021-07-21 03:45:05,short,1024.95,2021-07-21 03:46:01,JINDALPOLY,1043.949951171875,0.0,1044.0
214,214.0,,,273.1,2021-07-21 03:45:05,long,273.1,2021-07-21 03:46:01,KANPRPLA,273.0,0.0,272.8500061035156
215,215.0,,,346.5,2021-07-21 03:45:05,long,346.5,2021-07-21 03:46:01,AWHCL,346.1000061035156,0.0,346.5
216,216.0,,,158.25,2021-07-21 03:45:05,short,158.25,2021-07-21 03:46:01,KCP,156.4499969482422,0.0,156.8000030517578
217,217.0,,,87.9,2021-07-21 03:45:05,long,87.9,2021-07-21 03:46:01,KESORAMIND,88.6500015258789,0.0,88.75
218,218.0,,,585.25,2021-07-21 03:45:05,long,585.25,2021-07-21 03:46:01,ACRYSIL,581.9500122070312,0.0,582.0
219,219.0,,,1037.8,2021-07-21 03:45:05,long,1037.8,2021-07-21 03:46:01,KSB,1046.3499755859375,0.0,1045.8499755859375
220,220.0,,,177.6,2021-07-21 03:45:05,long,177.6,2021-07-21 03:46:01,LIBERTSHOE,178.39999389648438,0.0,178.1999969482422
221,221.0,,,194.4,2021-07-21 03:45:05,long,194.4,2021-07-21 03:46:01,AHLADA,198.0,0.0,198.0
222,222.0,,,760.2,2021-07-21 03:45:05,long,760.2,2021-07-21 03:46:01,M&M,758.9500122070312,0.0,758.5999755859375
223,223.0,,,131.4,2021-07-21 03:45:05,long,131.4,2021-07-21 03:46:01,CHENNPETRO,132.75,0.0,132.4499969482422
224,224.0,,,536.85,2021-07-21 03:45:05,long,536.85,2021-07-21 03:46:01,HOMEFIRST,535.4000244140625,0.0,535.4000244140625
225,225.0,,,435.45,2021-07-21 03:45:07,short,435.45,2021-07-21 03:46:01,MANGLMCEM,443.5499877929688,0.0,443.4500122070313
226,226.0,,,76.75,2021-07-21 03:45:07,long,76.75,2021-07-21 03:46:01,SUNDARMHLD,76.75,0.0,76.6500015258789
227,227.0,,,65.55,2021-07-21 03:45:07,long,65.55,2021-07-21 03:46:01,MOREPENLAB,65.5999984741211,0.0,65.55000305175781
228,228.0,,,45.5,2021-07-21 03:45:07,long,45.5,2021-07-21 03:46:01,MRPL,45.79999923706055,0.0,45.95000076293945
229,229.0,,,87.55,2021-07-21 03:45:07,long,87.55,2021-07-21 03:46:01,NCC,88.44999694824219,0.0,88.44999694824219
230,230.0,,,99.0,2021-07-21 03:45:07,long,99.0,2021-07-21 03:46:01,SMCGLOBAL,99.0,0.0,98.9499969482422
231,231.0,,,296.95,2021-07-21 03:45:07,long,296.95,2021-07-21 03:46:01,SANDHAR,303.1000061035156,0.0,303.1000061035156
232,232.0,,,49.8,2021-07-21 03:45:07,long,49.8,2021-07-21 03:46:01,CENTRUM,51.0,0.0,50.95000076293945
233,233.0,,,250.55,2021-07-21 03:45:07,long,250.55,2021-07-21 03:46:01,BCLIND,252.0,0.0,251.5
234,234.0,,,40.3,2021-07-21 03:45:07,long,40.3,2021-07-21 03:46:01,LEMONTREE,40.75,0.0,40.5
235,235.0,,,799.1,2021-07-21 03:45:07,short,799.1,2021-07-21 03:46:01,HERANBA,785.2000122070312,0.0,785.0
236,236.0,,,230.45,2021-07-21 03:45:07,long,230.45,2021-07-21 03:46:01,PHILIPCARB,232.5,0.0,232.5
237,237.0,,,74.1,2021-07-21 03:45:07,long,74.1,2021-07-21 03:46:01,PRAKASH,74.80000305175781,0.0,74.8499984741211
238,238.0,,,142.8,2021-07-21 03:45:07,short,142.8,2021-07-21 03:46:01,PRSMJOHNSN,143.6999969482422,0.0,143.1999969482422
239,239.0,,,587.8,2021-07-21 03:45:07,short,587.8,2021-07-21 03:46:01,JUBLINGREA,576.9000244140625,0.0,576.9000244140625
240,240.0,,,411.35,2021-07-21 03:45:07,long,411.35,2021-07-21 03:46:01,EASEMYTRIP,412.0499877929688,0.0,412.6000061035156
241,241.0,,,371.45,2021-07-21 03:45:07,short,371.45,2021-07-21 03:46:01,RSWM,356.8999938964844,0.0,356.04998779296875
242,242.0,,,781.2,2021-07-21 03:45:07,long,781.2,2021-07-21 03:46:01,ANURAS,778.7000122070312,0.0,778.2000122070312
243,243.0,,,253.0,2021-07-21 03:45:07,long,253.0,2021-07-21 03:46:01,LXCHEM,252.6999969482422,0.0,252.6999969482422
244,244.0,,,683.3,2021-07-21 03:45:07,long,683.3,2021-07-21 03:46:01,RANEHOLDIN,680.25,0.0,680.25
245,245.0,,,453.1,2021-07-21 03:45:07,long,453.1,2021-07-21 03:46:01,RAYMOND,458.5499877929688,0.0,457.3999938964844
246,246.0,,,80.3,2021-07-21 03:45:07,long,80.3,2021-07-21 03:46:01,RCF,80.94999694824219,0.0,81.0
247,247.0,,,50.15,2021-07-21 03:45:07,long,50.15,2021-07-21 03:46:01,RICOAUTO,50.150001525878906,0.0,50.20000076293945
248,248.0,,,749.6,2021-07-21 03:45:07,long,749.6,2021-07-21 03:46:01,RIIL,759.5999755859375,0.0,759.9000244140625
249,249.0,,,266.55,2021-07-21 03:45:07,long,266.55,2021-07-21 03:46:01,RUBYMILLS,275.0,0.0,274.5
250,250.0,,,122.85,2021-07-21 03:45:07,long,122.85,2021-07-21 03:46:01,SAIL,123.4000015258789,0.0,123.3000030517578
251,251.0,,,344.15,2021-07-21 03:45:07,short,344.15,2021-07-21 03:46:01,ORIENTELEC,334.79998779296875,0.0,336.54998779296875
252,252.0,,,256.5,2021-07-21 03:45:07,short,256.5,2021-07-21 03:46:01,WONDERLA,246.4499969482422,0.0,248.4499969482422
253,253.0,,,120.15,2021-07-21 03:45:09,long,120.15,2021-07-21 03:46:01,JINDALSAW,122.3000030517578,0.0,122.1999969482422
254,254.0,,,113.2,2021-07-21 03:45:09,long,113.2,2021-07-21 03:46:01,SCI,113.5999984741211,0.0,113.6500015258789
255,255.0,,,256.1,2021-07-21 03:45:09,long,256.1,2021-07-21 03:46:01,VEDL,259.1499938964844,0.0,259.20001220703125
256,256.0,,,205.35,2021-07-21 03:45:09,long,205.35,2021-07-21 03:46:01,SESHAPAPER,204.8000030517578,0.0,205.1999969482422
257,257.0,,,145.0,2021-07-21 03:45:09,long,145.0,2021-07-21 03:46:01,SHANTIGEAR,145.0,0.0,145.0
258,258.0,,,93.95,2021-07-21 03:45:09,short,93.95,2021-07-21 03:46:01,SHREDIGCEM,94.5999984741211,0.0,94.4499969482422
259,259.0,,,110.35,2021-07-21 03:45:09,long,110.35,2021-07-21 03:46:01,SHREYANIND,110.4499969482422,0.0,110.25
260,260.0,,,200.6,2021-07-21 03:45:09,long,200.6,2021-07-21 03:46:01,SHREYAS,203.3000030517578,0.0,204.0
261,261.0,,,49.1,2021-07-21 03:45:09,long,49.1,2021-07-21 03:46:01,SIMPLEXINF,48.900001525878906,0.0,49.20000076293945
262,262.0,,,793.2,2021-07-21 03:45:09,long,793.2,2021-07-21 03:46:01,LODHA,807.9000244140625,0.0,807.5999755859375
263,263.0,,,110.25,2021-07-21 03:45:09,long,110.25,2021-07-21 03:46:01,JTEKTINDIA,111.0,0.0,111.1999969482422
264,264.0,,,61.7,2021-07-21 03:45:09,long,61.7,2021-07-21 03:46:01,SPIC,62.0,0.0,61.84999847412109
265,265.0,,,512.7,2021-07-21 03:45:09,long,512.7,2021-07-21 03:46:01,SURYAROSNI,520.9000244140625,0.0,520.4500122070312
266,266.0,,,572.65,2021-07-21 03:45:09,long,572.65,2021-07-21 03:46:01,SMLISUZU,573.8499755859375,0.0,572.0999755859375
267,267.0,,,346.95,2021-07-21 03:45:09,long,346.95,2021-07-21 03:46:01,AGARIND,348.1000061035156,0.0,349.8500061035156
268,268.0,,,759.65,2021-07-21 03:45:09,long,759.65,2021-07-21 03:46:01,TATACHEM,767.4000244140625,0.0,767.0
269,269.0,,,121.8,2021-07-21 03:45:09,long,121.8,2021-07-21 03:46:01,TATAPOWER,122.6500015258789,0.0,122.6500015258789
270,270.0,,,302.15,2021-07-21 03:45:09,long,302.15,2021-07-21 03:46:01,TATAMOTORS,306.0,0.0,305.1499938964844
271,271.0,,,76.25,2021-07-21 03:45:09,long,76.25,2021-07-21 03:46:01,TFCILTD,76.69999694824219,0.0,76.69999694824219
272,272.0,,,59.1,2021-07-21 03:45:09,long,59.1,2021-07-21 03:46:01,THOMASCOOK,59.59999847412109,0.0,59.59999847412109
273,273.0,,,234.8,2021-07-21 03:45:09,long,234.8,2021-07-21 03:46:01,TINPLATE,238.3000030517578,0.0,238.0
274,274.0,,,169.4,2021-07-21 03:45:09,long,169.4,2021-07-21 03:46:01,TIRUMALCHM,168.4499969482422,0.0,167.60000610351562
275,275.0,,,158.55,2021-07-21 03:45:09,long,158.55,2021-07-21 03:46:01,UCALFUEL,161.35000610351562,0.0,161.35000610351562
276,276.0,,,332.1,2021-07-21 03:45:09,long,332.1,2021-07-21 03:46:01,UNICHEMLAB,335.25,0.0,334.5
277,277.0,,,188.8,2021-07-21 03:45:09,long,188.8,2021-07-21 03:46:01,UNIVCABLES,191.0500030517578,0.0,191.0500030517578
278,278.0,,,226.0,2021-07-21 03:45:09,long,226.0,2021-07-21 03:46:01,VLSFINANCE,227.6999969482422,0.0,227.1999969482422
279,279.0,,,69.4,2021-07-21 03:45:09,long,69.4,2021-07-21 03:46:01,WALCHANNAG,69.44999694824219,0.0,69.55000305175781
280,280.0,,,127.2,2021-07-21 03:45:09,long,127.2,2021-07-21 03:46:01,WATERBASE,128.89999389648438,0.0,128.75
281,281.0,,,242.0,2021-07-21 03:45:09,long,242.0,2021-07-21 03:46:01,WSTCSTPAPR,247.5,0.0,247.4499969482422
282,282.0,,,201.4,2021-07-21 03:45:09,long,201.4,2021-07-21 03:46:01,ZEEL,203.0500030517578,0.0,203.0500030517578
283,283.0,,,132.9,2021-07-21 03:45:09,long,132.9,2021-07-21 03:46:01,ZODIACLOTH,135.8000030517578,0.0,135.89999389648438
284,284.0,,,157.05,2021-07-21 03:45:09,long,157.05,2021-07-21 03:46:01,ZUARIGLOB,156.5500030517578,0.0,156.5500030517578
285,285.0,,,342.1,2021-07-21 03:45:09,long,342.1,2021-07-21 03:46:01,VARROC,343.0,0.0,343.20001220703125
286,286.0,,,944.5,2021-07-21 03:45:09,long,944.5,2021-07-21 03:46:01,HATSUN,954.4000244140624,0.0,953.6500244140624
287,287.0,,,70.35,2021-07-21 03:45:11,long,70.35,2021-07-21 03:46:01,PREMIERPOL,72.75,0.0,71.0999984741211
288,288.0,,,147.5,2021-07-21 03:45:11,long,147.5,2021-07-21 03:46:01,TNPL,148.5,0.0,148.5
289,289.0,,,113.25,2021-07-21 03:45:11,long,113.25,2021-07-21 03:46:01,NBVENTURES,113.9499969482422,0.0,113.8499984741211
290,290.0,,,103.75,2021-07-21 03:45:11,long,103.75,2021-07-21 03:46:01,AUSOMENT,104.0,0.0,103.9499969482422
291,291.0,,,343.45,2021-07-21 03:45:11,long,343.45,2021-07-21 03:46:01,PANACEABIO,341.79998779296875,0.0,341.29998779296875
292,292.0,,,237.9,2021-07-21 03:45:11,long,237.9,2021-07-21 03:46:01,MOTHERSUMI,240.1000061035156,0.0,240.1499938964844
293,293.0,,,748.05,2021-07-21 03:45:11,long,748.05,2021-07-21 03:46:01,VISAKAIND,754.4500122070312,0.0,756.9000244140625
294,294.0,,,199.25,2021-07-21 03:45:11,long,199.25,2021-07-21 03:46:01,STERTOOLS,200.5,0.0,200.0
295,295.0,,,165.65,2021-07-21 03:45:11,long,165.65,2021-07-21 03:46:01,JAGSNPHARM,165.9499969482422,0.0,165.75
296,296.0,,,303.7,2021-07-21 03:45:11,long,303.7,2021-07-21 03:46:01,HITECHGEAR,307.0,0.0,306.8999938964844
297,297.0,,,152.0,2021-07-21 03:45:11,long,152.0,2021-07-21 03:46:01,ELECTHERM,153.5500030517578,0.0,153.5500030517578
298,298.0,,,49.65,2021-07-21 03:45:11,long,49.65,2021-07-21 03:46:01,SIGIND,49.400001525878906,0.0,49.400001525878906
299,299.0,,,466.85,2021-07-21 03:45:11,long,466.85,2021-07-21 03:46:01,HERITGFOOD,465.0,0.0,465.0
300,300.0,,,71.5,2021-07-21 03:45:11,long,71.5,2021-07-21 03:46:01,BANKINDIA,72.0,0.0,71.94999694824219
301,301.0,,,114.05,2021-07-21 03:45:11,long,114.05,2021-07-21 03:46:01,INDSWFTLAB,123.5500030517578,0.0,122.8000030517578
302,302.0,,,641.9,2021-07-21 03:45:11,long,641.9,2021-07-21 03:46:01,ICICIBANK,643.1500244140625,0.0,643.2000122070312
303,303.0,,,344.35,2021-07-21 03:45:11,long,344.35,2021-07-21 03:46:01,SHARDACROP,345.0,0.0,345.0
304,304.0,,,614.15,2021-07-21 03:45:11,long,614.15,2021-07-21 03:46:01,CIGNITITEC,618.2000122070312,0.0,618.0
305,305.0,,,161.3,2021-07-21 03:45:11,long,161.3,2021-07-21 03:46:01,JAICORPLTD,163.4499969482422,0.0,163.14999389648438
306,306.0,,,65.95,2021-07-21 03:45:11,long,65.95,2021-07-21 03:46:01,GMDCLTD,66.8499984741211,0.0,66.8499984741211
307,307.0,,,362.65,2021-07-21 03:45:11,long,362.65,2021-07-21 03:46:01,ASAHIINDIA,364.0499877929688,0.0,363.4500122070313
308,308.0,,,152.65,2021-07-21 03:45:11,long,152.65,2021-07-21 03:46:01,TRIGYN,154.85000610351562,0.0,154.0
309,309.0,,,199.35,2021-07-21 03:45:11,long,199.35,2021-07-21 03:46:01,GRSE,200.0,0.0,200.0
310,310.0,,,113.2,2021-07-21 03:45:11,long,113.2,2021-07-21 03:46:01,KOTHARIPRO,113.1999969482422,0.0,113.1999969482422
311,311.0,,,89.7,2021-07-21 03:45:11,long,89.7,2021-07-21 03:46:01,ITDCEM,90.6999969482422,0.0,90.6999969482422
312,312.0,,,977.8,2021-07-21 03:45:13,long,977.8,2021-07-21 03:46:01,CYIENT,993.2999877929688,0.0,988.5
313,313.0,,,350.75,2021-07-21 03:45:13,long,350.75,2021-07-21 03:46:01,MONTECARLO,354.0,0.0,353.75
314,314.0,,,193.2,2021-07-21 03:45:13,long,193.2,2021-07-21 03:46:01,CYBERTECH,192.3999938964844,0.0,192.1999969482422
315,315.0,,,204.6,2021-07-21 03:45:13,short,204.6,2021-07-21 03:46:01,GOODLUCK,204.6000061035156,0.0,204.6000061035156
316,316.0,,,104.2,2021-07-21 03:45:13,short,104.2,2021-07-21 03:46:01,FCL,99.9000015258789,0.0,99.9000015258789
317,317.0,,,198.8,2021-07-21 03:45:13,long,198.8,2021-07-21 03:46:01,CAMLINFINE,203.8999938964844,0.0,203.5
318,318.0,,,85.2,2021-07-21 03:45:13,long,85.2,2021-07-21 03:46:01,NATIONALUM,86.4000015258789,0.0,86.4000015258789
319,319.0,,,100.5,2021-07-21 03:45:13,long,100.5,2021-07-21 03:46:01,LAMBODHARA,100.5,0.0,100.5
320,320.0,,,35.85,2021-07-21 03:45:13,long,35.85,2021-07-21 03:46:01,RSSOFTWARE,36.0,0.0,36.04999923706055
321,321.0,,,296.0,2021-07-21 03:45:13,long,296.0,2021-07-21 03:46:01,TECHNOE,300.8500061035156,0.0,300.1499938964844
322,322.0,,,768.1,2021-07-21 03:45:13,long,768.1,2021-07-21 03:46:01,SONATSOFTW,777.0,0.0,778.0
323,323.0,,,380.15,2021-07-21 03:45:13,long,380.15,2021-07-21 03:46:01,JINDALSTEL,384.75,0.0,384.75
324,324.0,,,977.2,2021-07-21 03:45:13,long,977.2,2021-07-21 03:46:01,HCLTECH,979.25,0.0,979.25
325,325.0,,,765.95,2021-07-21 03:45:13,long,765.95,2021-07-21 03:46:01,STAR,766.7999877929688,0.0,767.0
326,326.0,,,667.6,2021-07-21 03:45:13,long,667.6,2021-07-21 03:46:01,GLENMARK,677.25,0.0,676.9500122070312
327,327.0,,,557.6,2021-07-21 03:45:13,long,557.6,2021-07-21 03:46:01,WOCKPHARMA,559.9500122070312,0.0,559.8499755859375
328,328.0,,,100.3,2021-07-21 03:45:13,short,100.3,2021-07-21 03:46:01,ZENTEC,100.9000015258789,0.0,100.6999969482422
329,329.0,,,137.5,2021-07-21 03:45:13,long,137.5,2021-07-21 03:46:01,NRBBEARING,138.1999969482422,0.0,138.1999969482422
330,330.0,,,636.9,2021-07-21 03:45:13,long,636.9,2021-07-21 03:46:01,RAMCOSYS,638.0,0.0,638.0
331,331.0,,,108.0,2021-07-21 03:45:13,long,108.0,2021-07-21 03:46:01,INOXWIND,110.0,0.0,109.75
332,332.0,,,324.35,2021-07-21 03:45:13,long,324.35,2021-07-21 03:46:01,GEPIL,329.5,0.0,329.20001220703125
333,333.0,,,622.5,2021-07-21 03:45:13,long,622.5,2021-07-21 03:46:01,CADILAHC,622.5999755859375,0.0,622.6500244140625
334,334.0,,,730.0,2021-07-21 03:45:13,long,730.0,2021-07-21 03:46:01,RPSGVENT,744.8499755859375,0.0,744.7999877929688
335,335.0,,,88.3,2021-07-21 03:45:13,long,88.3,2021-07-21 03:46:01,SPENCERS,90.05000305175781,0.0,89.94999694824219
336,336.0,,,845.05,2021-07-21 03:45:13,long,845.05,2021-07-21 03:46:01,BLUESTARCO,846.5499877929688,0.0,847.0
337,337.0,,,429.8,2021-07-21 03:45:13,long,429.8,2021-07-21 03:46:01,XELPMOC,435.0,0.0,435.0
338,338.0,,,583.05,2021-07-21 03:45:13,long,583.05,2021-07-21 03:46:01,TVSMOTOR,587.4000244140625,0.0,587.0499877929688
339,339.0,,,173.45,2021-07-21 03:45:13,long,173.45,2021-07-21 03:46:01,CHALET,174.5500030517578,0.0,174.5
340,340.0,,,132.15,2021-07-21 03:45:13,long,132.15,2021-07-21 03:46:01,VETO,134.39999389648438,0.0,134.5
341,341.0,,,297.25,2021-07-21 03:45:13,long,297.25,2021-07-21 03:46:01,VRLLOG,301.8500061035156,0.0,301.6499938964844
342,342.0,,,57.55,2021-07-21 03:45:15,long,57.55,2021-07-21 03:46:01,USHAMART,58.09999847412109,0.0,58.0
343,343.0,,,102.5,2021-07-21 03:45:15,long,102.5,2021-07-21 03:46:01,UFO,103.5999984741211,0.0,103.5
344,344.0,,,168.25,2021-07-21 03:45:15,long,168.25,2021-07-21 03:46:01,ARVINDFASN,170.8000030517578,0.0,170.39999389648438
345,345.0,,,66.65,2021-07-21 03:45:15,long,66.65,2021-07-21 03:46:01,BALAJITELE,67.75,0.0,67.8499984741211
346,346.0,,,131.5,2021-07-21 03:45:15,long,131.5,2021-07-21 03:46:01,TAJGVK,132.5,0.0,132.5
347,347.0,,,295.6,2021-07-21 03:45:15,long,295.6,2021-07-21 03:46:01,MSTCLTD,299.29998779296875,0.0,299.0
348,348.0,,,88.85,2021-07-21 03:45:15,long,88.85,2021-07-21 03:46:01,SKIPPER,89.3499984741211,0.0,89.3499984741211
349,349.0,,,168.65,2021-07-21 03:45:15,long,168.65,2021-07-21 03:46:01,SAKAR,172.64999389648438,0.0,172.14999389648438
350,350.0,,,530.65,2021-07-21 03:45:15,long,530.65,2021-07-21 03:46:01,HIKAL,537.9000244140625,0.0,537.0999755859375
351,351.0,,,117.55,2021-07-21 03:45:15,long,117.55,2021-07-21 03:46:01,SMARTLINK,119.3499984741211,0.0,119.0999984741211
352,352.0,,,159.35,2021-07-21 03:45:15,long,159.35,2021-07-21 03:46:01,EMAMIPAP,160.0,0.0,160.0
353,353.0,,,59.6,2021-07-21 03:45:15,long,59.6,2021-07-21 03:46:01,CONFIPET,60.5,0.0,60.400001525878906
354,354.0,,,651.45,2021-07-21 03:45:15,long,651.45,2021-07-21 03:46:01,SYNGENE,660.0999755859375,0.0,659.7000122070312
355,355.0,,,482.0,2021-07-21 03:45:15,long,482.0,2021-07-21 03:46:01,KAYA,494.75,0.0,494.75
356,356.0,,,133.0,2021-07-21 03:45:15,long,133.0,2021-07-21 03:46:01,RAMASTEEL,133.5,0.0,135.0
357,357.0,,,90.45,2021-07-21 03:45:15,long,90.45,2021-07-21 03:46:01,SATIN,91.5999984741211,0.0,91.6500015258789
358,358.0,,,120.45,2021-07-21 03:45:15,long,120.45,2021-07-21 03:46:01,ARVSMART,121.9000015258789,0.0,121.9499969482422
359,359.0,,,789.9,2021-07-21 03:45:15,long,789.9,2021-07-21 03:46:01,POWERMECH,793.5,0.0,795.75
360,360.0,,,599.25,2021-07-21 03:45:15,long,599.25,2021-07-21 03:46:01,SHARDAMOTR,595.0,0.0,598.0
361,361.0,,,50.4,2021-07-21 03:45:15,long,50.4,2021-07-21 03:46:01,NAVKARCORP,51.650001525878906,0.0,51.5
362,362.0,,,275.6,2021-07-21 03:45:15,long,275.6,2021-07-21 03:46:01,KRBL,277.45001220703125,0.0,277.45001220703125
363,363.0,,,176.65,2021-07-21 03:45:15,long,176.65,2021-07-21 03:46:01,SHREEPUSHK,176.8000030517578,0.0,176.9499969482422
364,364.0,,,710.6,2021-07-21 03:45:15,short,710.6,2021-07-21 03:46:01,GUJGASLTD,714.2999877929688,0.0,714.0499877929688
365,365.0,,,525.75,2021-07-21 03:45:15,long,525.75,2021-07-21 03:46:01,BHARTIARTL,527.4000244140625,0.0,527.5
366,366.0,,,233.4,2021-07-21 03:45:15,long,233.4,2021-07-21 03:46:01,OLECTRA,237.0,0.0,235.0
367,367.0,,,306.45,2021-07-21 03:45:15,long,306.45,2021-07-21 03:46:01,PONNIERODE,306.45001220703125,0.0,306.45001220703125
368,368.0,,,65.4,2021-07-21 03:45:15,long,65.4,2021-07-21 03:46:01,OMAXAUTO,65.4000015258789,0.0,65.4000015258789
369,369.0,,,484.0,2021-07-21 03:45:17,long,484.0,2021-07-21 03:46:01,INFOBEAN,498.0,0.0,497.8500061035156
370,370.0,,,105.75,2021-07-21 03:45:17,long,105.75,2021-07-21 03:46:01,SATIA,106.1500015258789,0.0,105.9499969482422
371,371.0,,,217.45,2021-07-21 03:45:17,short,217.45,2021-07-21 03:46:01,CREATIVE,204.8000030517578,0.0,204.5
372,372.0,,,51.2,2021-07-21 03:45:17,long,51.2,2021-07-21 03:46:01,IDFCFIRSTB,51.59999847412109,0.0,51.59999847412109
373,373.0,,,164.85,2021-07-21 03:45:17,long,164.85,2021-07-21 03:46:01,SHK,167.0,0.0,167.0
374,374.0,,,58.6,2021-07-21 03:45:17,long,58.6,2021-07-21 03:46:01,VARDHACRLC,59.0,0.0,58.79999923706055
375,375.0,,,86.65,2021-07-21 03:45:17,long,86.65,2021-07-21 03:46:01,SUVEN,87.5,0.0,87.44999694824219
376,376.0,,,122.4,2021-07-21 03:45:17,long,122.4,2021-07-21 03:46:01,JSL,124.1999969482422,0.0,123.9499969482422
377,377.0,,,125.85,2021-07-21 03:45:17,long,125.85,2021-07-21 03:46:01,WELSPUNIND,127.5,0.0,127.1999969482422
378,378.0,,,60.9,2021-07-21 03:45:17,long,60.9,2021-07-21 03:46:01,JAIBALAJI,61.45000076293945,0.0,61.45000076293945
379,379.0,,,538.2,2021-07-21 03:45:17,long,538.2,2021-07-21 03:46:01,IGL,539.8499755859375,0.0,539.75
380,380.0,,,189.55,2021-07-21 03:45:17,long,189.55,2021-07-21 03:46:01,TVSELECT,189.8000030517578,0.0,191.0500030517578
381,381.0,,,384.35,2021-07-21 03:45:17,long,384.35,2021-07-21 03:46:01,DREDGECORP,388.9500122070313,0.0,388.6000061035156
382,382.0,,,814.25,2021-07-21 03:45:17,long,814.25,2021-07-21 03:46:01,UPL,821.2000122070312,0.0,820.7999877929688
383,383.0,,,99.5,2021-07-21 03:45:17,long,99.5,2021-07-21 03:46:01,PTC,99.6999969482422,0.0,99.75
384,384.0,,,762.05,2021-07-21 03:45:17,long,762.05,2021-07-21 03:46:01,VAIBHAVGBL,772.5,0.0,762.8499755859375
385,385.0,,,790.8,2021-07-21 03:45:17,long,790.8,2021-07-21 03:46:01,TTKHLTCARE,791.6500244140625,0.0,791.4500122070312
386,386.0,,,83.95,2021-07-21 03:45:17,short,83.95,2021-07-21 03:46:01,UMANGDAIRY,81.25,0.0,81.25
387,387.0,,,243.95,2021-07-21 03:45:17,long,243.95,2021-07-21 03:46:01,ZOTA,244.5,0.0,243.9499969482422
388,388.0,,,175.5,2021-07-21 03:45:17,long,175.5,2021-07-21 03:46:01,SALZERELEC,175.9499969482422,0.0,176.0
389,389.0,,,313.3,2021-07-21 03:45:17,short,313.3,2021-07-21 03:46:01,DATAMATICS,298.5,0.0,298.5
390,390.0,,,73.5,2021-07-21 03:45:17,long,73.5,2021-07-21 03:46:01,NDTV,74.0999984741211,0.0,74.05000305175781
391,391.0,,,653.45,2021-07-21 03:45:17,long,653.45,2021-07-21 03:46:01,SPANDANA,667.9500122070312,0.0,667.1500244140625
392,392.0,,,75.7,2021-07-21 03:45:17,long,75.7,2021-07-21 03:46:01,SPICEJET,75.8499984741211,0.0,75.75
393,393.0,,,548.7,2021-07-21 03:45:17,long,548.7,2021-07-21 03:46:01,APARINDS,554.25,0.0,553.5499877929688
394,394.0,,,510.6,2021-07-21 03:45:17,long,510.6,2021-07-21 03:46:01,WESTLIFE,515.9000244140625,0.0,516.0
395,395.0,,,63.35,2021-07-21 03:45:17,long,63.35,2021-07-21 03:46:01,GULFPETRO,64.69999694824219,0.0,64.69999694824219
396,396.0,,,175.1,2021-07-21 03:45:17,long,175.1,2021-07-21 03:46:01,GUFICBIO,177.75,0.0,177.6999969482422
397,397.0,,,170.8,2021-07-21 03:45:17,long,170.8,2021-07-21 03:46:01,ASTRAMICRO,171.14999389648438,0.0,171.0
398,398.0,,,109.15,2021-07-21 03:45:17,long,109.15,2021-07-21 03:46:01,WELENT,110.0,0.0,109.9000015258789
399,399.0,,,118.45,2021-07-21 03:45:17,long,118.45,2021-07-21 03:46:01,NTPC,119.1500015258789,0.0,119.1500015258789
400,400.0,,,74.7,2021-07-21 03:45:18,long,74.7,2021-07-21 03:46:01,DWARKESH,75.0,0.0,75.0999984741211
401,401.0,,,118.55,2021-07-21 03:45:18,short,118.55,2021-07-21 03:46:01,XCHANGING,122.25,0.0,122.4000015258789
402,402.0,,,682.0,2021-07-21 03:45:18,long,682.0,2021-07-21 03:46:01,JSWSTEEL,689.2000122070312,0.0,689.1500244140625
403,403.0,,,98.15,2021-07-21 03:45:18,short,98.15,2021-07-21 03:46:01,VISHAL,96.6500015258789,0.0,96.3000030517578
404,404.0,,,142.8,2021-07-21 03:45:18,long,142.8,2021-07-21 03:46:01,WELCORP,143.89999389648438,0.0,143.89999389648438
405,405.0,,,210.65,2021-07-21 03:45:18,long,210.65,2021-07-21 03:46:01,JKPAPER,214.8999938964844,0.0,214.8999938964844
406,406.0,,,368.1,2021-07-21 03:45:18,long,368.1,2021-07-21 03:46:01,GRANULES,372.0,0.0,371.7000122070313
407,407.0,,,92.2,2021-07-21 03:45:18,long,92.2,2021-07-21 03:46:01,GEOJITFSL,93.0,0.0,92.9499969482422
408,408.0,,,68.35,2021-07-21 03:45:18,long,68.35,2021-07-21 03:46:01,GENUSPOWER,67.5999984741211,0.0,67.5
409,409.0,,,38.05,2021-07-21 03:45:18,long,38.05,2021-07-21 03:46:01,NECLIFE,38.79999923706055,0.0,38.84999847412109
410,410.0,,,49.55,2021-07-21 03:45:18,long,49.55,2021-07-21 03:46:01,SPLIL,50.0,0.0,49.79999923706055
411,411.0,,,580.8,2021-07-21 03:45:18,long,580.8,2021-07-21 03:46:01,GOLDIAM,587.0,0.0,587.0
412,412.0,,,397.65,2021-07-21 03:45:18,long,397.65,2021-07-21 03:46:01,RML,409.0,0.0,408.8999938964844
413,413.0,,,197.8,2021-07-21 03:45:18,short,197.8,2021-07-21 03:46:01,AURIONPRO,199.4499969482422,0.0,199.8000030517578
414,414.0,,,102.5,2021-07-21 03:45:18,long,102.5,2021-07-21 03:46:01,DOLAT,103.8499984741211,0.0,103.5
415,415.0,,,265.2,2021-07-21 03:45:18,long,265.2,2021-07-21 03:46:01,SWSOLAR,268.6000061035156,0.0,268.5
416,416.0,,,135.15,2021-07-21 03:45:18,long,135.15,2021-07-21 03:46:01,SORILINFRA,137.5,0.0,137.0500030517578
417,417.0,,,187.9,2021-07-21 03:45:18,long,187.9,2021-07-21 03:46:01,TRIVENI,187.8999938964844,0.0,187.8999938964844
418,418.0,,,293.3,2021-07-21 03:45:18,long,293.3,2021-07-21 03:46:01,QUICKHEAL,294.29998779296875,0.0,294.8999938964844
419,419.0,,,82.6,2021-07-21 03:45:18,long,82.6,2021-07-21 03:46:01,ROHLTD,83.8499984741211,0.0,84.19999694824219
420,420.0,,,63.85,2021-07-21 03:45:18,long,63.85,2021-07-21 03:46:01,JAGRAN,64.5,0.0,64.5
421,421.0,,,299.9,2021-07-21 03:45:18,long,299.9,2021-07-21 03:46:01,INOXLEISUR,303.1499938964844,0.0,303.3500061035156
422,422.0,,,71.75,2021-07-21 03:45:18,long,71.75,2021-07-21 03:46:01,SADBHAV,72.6500015258789,0.0,72.69999694824219
423,423.0,,,257.0,2021-07-21 03:45:18,short,257.0,2021-07-21 03:46:01,INDOTECH,245.4499969482422,0.0,245.4499969482422
424,424.0,,,153.65,2021-07-21 03:45:18,long,153.65,2021-07-21 03:46:01,M&MFIN,154.75,0.0,154.89999389648438
425,425.0,,,35.35,2021-07-21 03:45:18,long,35.35,2021-07-21 03:46:01,VAKRANGEE,35.650001525878906,0.0,35.70000076293945
426,426.0,,,277.7,2021-07-21 03:45:20,long,277.7,2021-07-21 03:46:01,BHAGERIA,278.75,0.0,278.75
427,427.0,,,182.2,2021-07-21 03:45:20,short,182.2,2021-07-21 03:46:01,RSYSTEMS,181.9499969482422,0.0,182.1999969482422
428,428.0,,,127.8,2021-07-21 03:45:20,long,127.8,2021-07-21 03:46:01,EMKAY,129.5,0.0,129.0
429,429.0,,,169.4,2021-07-21 03:45:20,long,169.4,2021-07-21 03:46:01,KAMDHENU,172.4499969482422,0.0,172.25
430,430.0,,,58.5,2021-07-21 03:45:20,long,58.5,2021-07-21 03:46:01,PIONEEREMB,59.29999923706055,0.0,59.150001525878906
431,431.0,,,701.45,2021-07-21 03:45:20,short,701.45,2021-07-21 03:46:01,JKLAKSHMI,702.5999755859375,0.0,700.0
432,432.0,,,157.5,2021-07-21 03:45:20,long,157.5,2021-07-21 03:46:01,ALLCARGO,159.3000030517578,0.0,160.60000610351562
433,433.0,,,64.85,2021-07-21 03:45:20,long,64.85,2021-07-21 03:46:01,MUNJALAU,66.0999984741211,0.0,65.75
434,434.0,,,276.25,2021-07-21 03:45:20,short,276.25,2021-07-21 03:46:01,VIDHIING,260.45001220703125,0.0,260.04998779296875
435,435.0,,,228.35,2021-07-21 03:45:20,long,228.35,2021-07-21 03:46:01,ACE,231.3000030517578,0.0,231.5
436,436.0,,,142.75,2021-07-21 03:45:20,long,142.75,2021-07-21 03:46:01,SELAN,143.0,0.0,142.8000030517578
437,437.0,,,102.15,2021-07-21 03:45:20,long,102.15,2021-07-21 03:46:01,JMFINANCIL,104.3000030517578,0.0,104.3000030517578
438,438.0,,,146.15,2021-07-21 03:45:20,short,146.15,2021-07-21 03:46:01,ELECON,145.5,0.0,145.64999389648438
439,439.0,,,184.35,2021-07-21 03:45:20,short,184.35,2021-07-21 03:46:01,GEECEE,187.5,0.0,185.5
440,440.0,,,162.45,2021-07-21 03:45:20,long,162.45,2021-07-21 03:46:01,GATI,163.0500030517578,0.0,163.0
441,441.0,,,772.35,2021-07-21 03:45:20,long,772.35,2021-07-21 03:46:01,FIEMIND,774.9000244140625,0.0,776.3499755859375
442,442.0,,,64.35,2021-07-21 03:45:20,long,64.35,2021-07-21 03:46:01,INSPIRISYS,64.3499984741211,0.0,64.3499984741211
443,443.0,,,364.2,2021-07-21 03:45:20,long,364.2,2021-07-21 03:46:01,GESHIP,364.1499938964844,0.0,364.1499938964844
444,444.0,,,76.4,2021-07-21 03:45:20,long,76.4,2021-07-21 03:46:01,DAAWAT,77.0999984741211,0.0,77.0999984741211
445,445.0,,,91.35,2021-07-21 03:45:20,long,91.35,2021-07-21 03:46:01,RUCHIRA,93.6999969482422,0.0,93.75
446,446.0,,,608.15,2021-07-21 03:45:20,long,608.15,2021-07-21 03:46:01,SOBHA,607.0,0.0,606.9000244140625
447,447.0,,,451.35,2021-07-21 03:45:20,long,451.35,2021-07-21 03:46:01,VENUSREM,453.7999877929688,0.0,452.8500061035156
448,448.0,,,135.3,2021-07-21 03:45:20,long,135.3,2021-07-21 03:46:01,JINDRILL,135.3000030517578,0.0,135.4499969482422
449,449.0,,,158.75,2021-07-21 03:45:20,long,158.75,2021-07-21 03:46:01,BANCOINDIA,159.25,0.0,159.5
450,450.0,,,156.05,2021-07-21 03:45:20,long,156.05,2021-07-21 03:46:01,HIRECT,157.0,0.0,158.35000610351562
451,451.0,,,129.15,2021-07-21 03:45:20,long,129.15,2021-07-21 03:46:01,CREST,129.14999389648438,0.0,129.14999389648438
452,452.0,,,260.65,2021-07-21 03:45:20,long,260.65,2021-07-21 03:46:01,PLASTIBLEN,262.45001220703125,0.0,261.8999938964844
453,453.0,,,59.95,2021-07-21 03:45:20,long,59.95,2021-07-21 03:46:01,NFL,60.45000076293945,0.0,60.45000076293945
454,454.0,,,556.2,2021-07-21 03:45:20,long,556.2,2021-07-21 03:46:01,JASH,568.0,0.0,572.6500244140625
455,455.0,,,171.55,2021-07-21 03:45:20,long,171.55,2021-07-21 03:46:01,LUMAXTECH,173.8000030517578,0.0,174.0500030517578
456,456.0,,,689.9,2021-07-21 03:45:20,long,689.9,2021-07-21 03:46:01,IGPL,684.75,0.0,684.7000122070312
457,457.0,,,405.0,2021-07-21 03:45:20,long,405.0,2021-07-21 03:46:01,SIYSIL,406.3500061035156,0.0,405.75
458,458.0,,,49.2,2021-07-21 03:45:20,short,49.2,2021-07-21 03:46:01,AUTOIND,47.900001525878906,0.0,48.04999923706055
459,459.0,,,50.05,2021-07-21 03:45:20,long,50.05,2021-07-21 03:46:01,NETWORK18,50.34999847412109,0.0,50.29999923706055
460,460.0,,,589.9,2021-07-21 03:45:22,long,589.9,2021-07-21 03:46:01,TIIL,600.6500244140625,0.0,607.0
461,461.0,,,332.7,2021-07-21 03:45:22,long,332.7,2021-07-21 03:46:01,ORIENTBELL,336.04998779296875,0.0,336.0
462,462.0,,,302.15,2021-07-21 03:45:22,long,302.15,2021-07-21 03:46:01,SEQUENT,304.3999938964844,0.0,303.6000061035156
463,463.0,,,216.7,2021-07-21 03:45:22,long,216.7,2021-07-21 03:46:01,FSL,221.3999938964844,0.0,220.75
464,464.0,,,52.0,2021-07-21 03:45:22,long,52.0,2021-07-21 03:46:01,HSCL,52.25,0.0,52.29999923706055
465,465.0,,,120.0,2021-07-21 03:45:22,long,120.0,2021-07-21 03:46:01,GANESHHOUC,119.8499984741211,0.0,119.8499984741211
466,466.0,,,263.35,2021-07-21 03:45:22,long,263.35,2021-07-21 03:46:01,LAOPALA,266.0,0.0,265.79998779296875
467,467.0,,,141.8,2021-07-21 03:45:22,long,141.8,2021-07-21 03:46:01,JKTYRE,142.89999389648438,0.0,142.75
468,468.0,,,202.15,2021-07-21 03:45:22,long,202.15,2021-07-21 03:46:01,NAHARPOLY,204.4499969482422,0.0,204.3999938964844
469,469.0,,,154.2,2021-07-21 03:45:22,long,154.2,2021-07-21 03:46:01,IBREALEST,157.5,0.0,157.64999389648438
470,470.0,,,284.2,2021-07-21 03:45:22,long,284.2,2021-07-21 03:46:01,KIRLFER,284.45001220703125,0.0,284.45001220703125
471,471.0,,,265.25,2021-07-21 03:45:22,short,265.25,2021-07-21 03:46:01,NCLIND,266.29998779296875,0.0,266.6000061035156
472,472.0,,,837.55,2021-07-21 03:45:22,long,837.55,2021-07-21 03:46:01,PHOENIXLTD,853.9000244140625,0.0,853.9000244140625
473,473.0,,,67.9,2021-07-21 03:45:22,long,67.9,2021-07-21 03:46:01,AROGRANITE,68.69999694824219,0.0,68.69999694824219
474,474.0,,,499.95,2021-07-21 03:45:22,long,499.95,2021-07-21 03:46:01,BFUTILITIE,504.0,0.0,504.0
475,475.0,,,315.0,2021-07-21 03:45:22,long,315.0,2021-07-21 03:46:01,SRHHYPOLTD,320.0,0.0,320.0
476,476.0,,,300.45,2021-07-21 03:45:22,long,300.45,2021-07-21 03:46:01,ALPHAGEO,307.75,0.0,308.04998779296875
477,477.0,,,69.35,2021-07-21 03:45:22,long,69.35,2021-07-21 03:46:01,WEBELSOLAR,70.9000015258789,0.0,70.9000015258789
478,478.0,,,755.95,2021-07-21 03:45:22,long,755.95,2021-07-21 03:46:01,INSECTICID,763.5999755859375,0.0,767.25
479,479.0,,,57.35,2021-07-21 03:45:22,long,57.35,2021-07-21 03:46:01,MCDHOLDING,56.5,0.0,56.5
480,480.0,,,380.0,2021-07-21 03:45:22,long,380.0,2021-07-21 03:46:01,GOACARBON,384.3999938964844,0.0,383.0499877929688
481,481.0,,,81.9,2021-07-21 03:45:22,long,81.9,2021-07-21 03:46:01,TIMETECHNO,82.4000015258789,0.0,82.3499984741211
482,482.0,,,322.4,2021-07-21 03:45:22,long,322.4,2021-07-21 03:46:01,DLF,325.70001220703125,0.0,325.8500061035156
483,483.0,,,84.2,2021-07-21 03:45:22,long,84.2,2021-07-21 03:46:01,NELCAST,84.6500015258789,0.0,85.0
484,484.0,,,121.05,2021-07-21 03:45:22,long,121.05,2021-07-21 03:46:01,V2RETAIL,124.6999969482422,0.0,125.25
485,485.0,,,83.8,2021-07-21 03:45:22,long,83.8,2021-07-21 03:46:01,TARMAT,85.55000305175781,0.0,85.5999984741211
486,486.0,,,65.15,2021-07-21 03:45:22,long,65.15,2021-07-21 03:46:01,ADSL,67.0,0.0,67.0
487,487.0,,,88.05,2021-07-21 03:45:22,long,88.05,2021-07-21 03:46:01,OMAXE,90.0999984741211,0.0,90.0999984741211
488,488.0,,,61.05,2021-07-21 03:45:22,long,61.05,2021-07-21 03:46:01,TAKE,62.25,0.0,62.29999923706055
489,489.0,,,103.85,2021-07-21 03:45:22,long,103.85,2021-07-21 03:46:01,PURVA,106.3499984741211,0.0,106.0500030517578
490,490.0,,,239.75,2021-07-21 03:45:24,long,239.75,2021-07-21 03:46:01,MAHINDCIE,239.8000030517578,0.0,239.4499969482422
491,491.0,,,1054.45,2021-07-21 03:45:24,long,1054.45,2021-07-21 03:46:01,MOTILALOFS,1066.0,0.0,1059.050048828125
492,492.0,,,83.8,2021-07-21 03:45:24,long,83.8,2021-07-21 03:46:01,MANGCHEFER,83.9000015258789,0.0,84.0
493,493.0,,,174.4,2021-07-21 03:45:24,long,174.4,2021-07-21 03:46:01,DELTACORP,175.0,0.0,175.0
494,494.0,,,146.75,2021-07-21 03:45:24,long,146.75,2021-07-21 03:46:01,RELIGARE,149.25,0.0,148.0
495,495.0,,,88.75,2021-07-21 03:45:24,long,88.75,2021-07-21 03:46:01,EDELWEISS,89.3499984741211,0.0,89.30000305175781
496,496.0,,,231.7,2021-07-21 03:45:24,long,231.7,2021-07-21 03:46:01,KOLTEPATIL,234.8500061035156,0.0,234.3500061035156
497,497.0,,,169.95,2021-07-21 03:45:24,long,169.95,2021-07-21 03:46:01,JYOTHYLAB,170.0,0.0,170.0
498,498.0,,,313.2,2021-07-21 03:45:24,long,313.2,2021-07-21 03:46:01,BRIGADE,318.95001220703125,0.0,318.54998779296875
499,499.0,,,64.15,2021-07-21 03:45:24,long,64.15,2021-07-21 03:46:01,BGRENERGY,64.30000305175781,0.0,64.3499984741211
500,500.0,,,185.7,2021-07-21 03:45:24,short,185.7,2021-07-21 03:46:01,ARIES,175.5,0.0,175.0500030517578
501,501.0,,,247.0,2021-07-21 03:45:24,long,247.0,2021-07-21 03:46:01,PPAP,244.75,0.0,243.9499969482422
502,502.0,,,76.0,2021-07-21 03:45:24,long,76.0,2021-07-21 03:46:01,BIRLAMONEY,77.05000305175781,0.0,77.05000305175781
503,503.0,,,207.2,2021-07-21 03:45:24,long,207.2,2021-07-21 03:46:01,JKIL,208.6499938964844,0.0,209.6499938964844
504,504.0,,,65.2,2021-07-21 03:45:24,long,65.2,2021-07-21 03:46:01,CORDSCABLE,66.0,0.0,65.80000305175781
505,505.0,,,137.65,2021-07-21 03:45:24,long,137.65,2021-07-21 03:46:01,ONMOBILE,136.5,0.0,137.5
506,506.0,,,170.2,2021-07-21 03:45:24,long,170.2,2021-07-21 03:46:01,HERCULES,172.75,0.0,173.0
507,507.0,,,174.05,2021-07-21 03:45:24,long,174.05,2021-07-21 03:46:01,IRB,174.25,0.0,174.39999389648438
508,508.0,,,76.4,2021-07-21 03:45:24,long,76.4,2021-07-21 03:46:01,GSS,76.80000305175781,0.0,76.80000305175781
509,509.0,,,237.6,2021-07-21 03:45:24,long,237.6,2021-07-21 03:46:01,NAHARCAP,237.0,0.0,236.5
510,510.0,,,249.9,2021-07-21 03:45:24,long,249.9,2021-07-21 03:46:01,VGUARD,250.1999969482422,0.0,250.0
511,511.0,,,202.55,2021-07-21 03:45:24,long,202.55,2021-07-21 03:46:01,DHANI,206.6499938964844,0.0,206.6999969482422
512,512.0,,,319.7,2021-07-21 03:45:24,long,319.7,2021-07-21 03:46:01,EIHAHOTELS,324.0,0.0,325.5
513,513.0,,,613.8,2021-07-21 03:45:24,long,613.8,2021-07-21 03:46:01,NESCO,617.0,0.0,618.0499877929688
514,514.0,,,222.0,2021-07-21 03:45:24,long,222.0,2021-07-21 03:46:01,HCG,223.8999938964844,0.0,224.1000061035156
515,515.0,,,77.85,2021-07-21 03:45:24,long,77.85,2021-07-21 03:46:01,BHARATWIRE,77.80000305175781,0.0,77.80000305175781
516,516.0,,,132.55,2021-07-21 03:45:24,long,132.55,2021-07-21 03:46:01,MMP,132.9499969482422,0.0,134.0
517,517.0,,,570.75,2021-07-21 03:45:24,long,570.75,2021-07-21 03:46:01,KIRIINDUS,577.5999755859375,0.0,576.4000244140625
518,518.0,,,155.5,2021-07-21 03:45:26,long,155.5,2021-07-21 03:46:01,VINYLINDIA,156.10000610351562,0.0,156.10000610351562
519,519.0,,,70.65,2021-07-21 03:45:26,long,70.65,2021-07-21 03:46:01,KOKUYOCMLN,71.3499984741211,0.0,71.30000305175781
520,520.0,,,121.55,2021-07-21 03:45:26,long,121.55,2021-07-21 03:46:01,EQUITAS,122.0500030517578,0.0,122.6999969482422
521,521.0,,,177.0,2021-07-21 03:45:26,long,177.0,2021-07-21 03:46:01,DPWIRES,183.9499969482422,0.0,183.3500061035156
522,522.0,,,195.95,2021-07-21 03:45:26,long,195.95,2021-07-21 03:46:01,JOCIL,197.5,0.0,197.8999938964844
523,523.0,,,86.5,2021-07-21 03:45:26,long,86.5,2021-07-21 03:46:01,ALKALI,86.80000305175781,0.0,86.4000015258789
524,524.0,,,138.4,2021-07-21 03:45:26,long,138.4,2021-07-21 03:46:01,TATAMTRDVR,139.3000030517578,0.0,139.3000030517578
525,525.0,,,102.05,2021-07-21 03:45:26,long,102.05,2021-07-21 03:46:01,MAWANASUG,102.1500015258789,0.0,102.1500015258789
526,526.0,,,47.9,2021-07-21 03:45:26,long,47.9,2021-07-21 03:46:01,HINDNATGLS,48.0,0.0,48.0
527,527.0,,,138.3,2021-07-21 03:45:26,long,138.3,2021-07-21 03:46:01,PARAGMILK,138.39999389648438,0.0,138.14999389648438
528,528.0,,,572.05,2021-07-21 03:45:26,short,572.05,2021-07-21 03:46:01,ALBERTDAVD,594.9500122070312,0.0,594.1500244140625
529,529.0,,,128.7,2021-07-21 03:45:26,long,128.7,2021-07-21 03:46:01,BLS,130.0,0.0,129.75
530,530.0,,,304.55,2021-07-21 03:45:26,long,304.55,2021-07-21 03:46:01,MHRIL,304.0,0.0,303.75
531,531.0,,,460.8,2021-07-21 03:45:26,long,460.8,2021-07-21 03:46:01,ASALCBR,462.0,0.0,461.7000122070313
532,532.0,,,96.0,2021-07-21 03:45:26,long,96.0,2021-07-21 03:46:01,MOLDTECH,97.0,0.0,97.0
533,533.0,,,766.55,2021-07-21 03:45:26,long,766.55,2021-07-21 03:46:01,QUESS,764.2999877929688,0.0,764.1500244140625
534,534.0,,,51.5,2021-07-21 03:45:26,long,51.5,2021-07-21 03:46:01,DEN,52.5,0.0,52.400001525878906
535,535.0,,,661.75,2021-07-21 03:45:26,short,661.75,2021-07-21 03:46:01,SHILPAMED,647.0,0.0,646.75
536,536.0,,,632.05,2021-07-21 03:45:26,long,632.05,2021-07-21 03:46:01,SARDAEN,639.0,0.0,639.0
537,537.0,,,133.9,2021-07-21 03:45:26,long,133.9,2021-07-21 03:46:01,REFEX,134.6999969482422,0.0,134.4499969482422
538,538.0,,,153.05,2021-07-21 03:45:26,long,153.05,2021-07-21 03:46:01,DLINKINDIA,154.4499969482422,0.0,154.60000610351562
539,539.0,,,201.55,2021-07-21 03:45:26,short,201.55,2021-07-21 03:46:01,JSWENERGY,199.3999938964844,0.0,199.3999938964844
540,540.0,,,109.05,2021-07-21 03:45:26,long,109.05,2021-07-21 03:46:01,DBCORP,110.6999969482422,0.0,110.5500030517578
541,541.0,,,136.8,2021-07-21 03:45:26,long,136.8,2021-07-21 03:46:01,HINDCOPPER,138.25,0.0,138.1999969482422
542,542.0,,,474.3,2021-07-21 03:45:26,short,474.3,2021-07-21 03:46:01,SUVENPHAR,474.3500061035156,0.0,474.5
543,543.0,,,49.5,2021-07-21 03:45:26,long,49.5,2021-07-21 03:46:01,MMTC,50.150001525878906,0.0,50.09999847412109
544,544.0,,,127.0,2021-07-21 03:45:26,long,127.0,2021-07-21 03:46:01,TRF,125.0,0.0,124.4000015258789
545,545.0,,,399.35,2021-07-21 03:45:26,long,399.35,2021-07-21 03:46:01,ADVENZYMES,402.2999877929688,0.0,402.4500122070313
546,546.0,,,93.8,2021-07-21 03:45:26,long,93.8,2021-07-21 03:46:01,MINDTECK,93.1500015258789,0.0,93.6500015258789
547,547.0,,,53.0,2021-07-21 03:45:26,long,53.0,2021-07-21 03:46:01,DEEPENR,53.0,0.0,53.0
548,548.0,,,298.55,2021-07-21 03:45:26,long,298.55,2021-07-21 03:46:01,SPAL,291.20001220703125,0.0,292.95001220703125
549,549.0,,,468.15,2021-07-21 03:45:26,long,468.15,2021-07-21 03:46:01,LGBBROSLTD,464.6499938964844,0.0,467.6000061035156
550,550.0,,,204.15,2021-07-21 03:45:27,long,204.15,2021-07-21 03:46:01,RBLBANK,204.6999969482422,0.0,205.1499938964844
551,551.0,,,112.75,2021-07-21 03:45:27,long,112.75,2021-07-21 03:46:01,ISFT,114.3499984741211,0.0,114.25
552,552.0,,,253.5,2021-07-21 03:45:27,long,253.5,2021-07-21 03:46:01,CUPID,256.1000061035156,0.0,256.1000061035156
553,553.0,,,517.4,2021-07-21 03:45:27,short,517.4,2021-07-21 03:46:01,GNA,517.5999755859375,0.0,518.7999877929688
554,554.0,,,604.8,2021-07-21 03:45:27,long,604.8,2021-07-21 03:46:01,ICICIPRULI,609.9000244140625,0.0,610.1500244140625
555,555.0,,,87.85,2021-07-21 03:45:27,long,87.85,2021-07-21 03:46:01,MARATHON,87.8499984741211,0.0,87.8499984741211
556,556.0,,,147.0,2021-07-21 03:45:27,long,147.0,2021-07-21 03:46:01,VERTOZ,148.39999389648438,0.0,148.10000610351562
557,557.0,,,397.2,2021-07-21 03:45:27,long,397.2,2021-07-21 03:46:01,KSL,397.0,0.0,397.5499877929688
558,558.0,,,129.4,2021-07-21 03:45:27,long,129.4,2021-07-21 03:46:01,PIONDIST,131.85000610351562,0.0,131.9499969482422
559,559.0,,,52.35,2021-07-21 03:45:27,long,52.35,2021-07-21 03:46:01,CMICABLES,52.29999923706055,0.0,52.20000076293945
560,560.0,,,90.9,2021-07-21 03:45:27,long,90.9,2021-07-21 03:46:01,HMVL,91.5,0.0,91.5
561,561.0,,,109.8,2021-07-21 03:45:27,long,109.8,2021-07-21 03:46:01,BLISSGVS,110.9499969482422,0.0,110.75
562,562.0,,,79.3,2021-07-21 03:45:27,long,79.3,2021-07-21 03:46:01,TERASOFT,80.3499984741211,0.0,80.55000305175781
563,563.0,,,397.7,2021-07-21 03:45:27,long,397.7,2021-07-21 03:46:01,ITDC,402.0,0.0,402.0
564,564.0,,,136.3,2021-07-21 03:45:27,long,136.3,2021-07-21 03:46:01,HISARMETAL,138.14999389648438,0.0,139.25
565,565.0,,,214.85,2021-07-21 03:45:27,long,214.85,2021-07-21 03:46:01,BOROLTD,215.8500061035156,0.0,215.8500061035156
566,566.0,,,281.7,2021-07-21 03:45:27,long,281.7,2021-07-21 03:46:01,BAJAJCON,283.04998779296875,0.0,282.5
567,567.0,,,95.25,2021-07-21 03:45:27,long,95.25,2021-07-21 03:46:01,PRICOLLTD,97.0,0.0,96.8499984741211
568,568.0,,,104.35,2021-07-21 03:45:27,long,104.35,2021-07-21 03:46:01,GPPL,103.9499969482422,0.0,104.3499984741211
569,569.0,,,303.05,2021-07-21 03:45:27,long,303.05,2021-07-21 03:46:01,SASTASUNDR,302.3999938964844,0.0,301.0
570,570.0,,,55.35,2021-07-21 03:45:27,long,55.35,2021-07-21 03:46:01,GALLISPAT,55.95000076293945,0.0,55.95000076293945
571,571.0,,,439.05,2021-07-21 03:45:27,long,439.05,2021-07-21 03:46:01,AKSHARCHEM,444.1000061035156,0.0,444.1000061035156
572,572.0,,,104.55,2021-07-21 03:45:27,long,104.55,2021-07-21 03:46:01,ASHOKA,105.6500015258789,0.0,105.4000015258789
573,573.0,,,346.85,2021-07-21 03:45:27,long,346.85,2021-07-21 03:46:01,WABAG,352.95001220703125,0.0,352.70001220703125
574,574.0,,,694.35,2021-07-21 03:45:27,long,694.35,2021-07-21 03:46:01,OBEROIRLTY,695.0,0.0,693.7000122070312
575,575.0,,,329.05,2021-07-21 03:45:27,long,329.05,2021-07-21 03:46:01,PRESTIGE,330.04998779296875,0.0,330.0
576,576.0,,,234.25,2021-07-21 03:45:27,long,234.25,2021-07-21 03:46:01,NRAIL,238.8000030517578,0.0,238.3500061035156
577,577.0,,,134.8,2021-07-21 03:45:27,long,134.8,2021-07-21 03:46:01,RESPONIND,136.35000610351562,0.0,136.5500030517578
578,578.0,,,73.45,2021-07-21 03:45:29,long,73.45,2021-07-21 03:46:01,JINDWORLD,75.0,0.0,74.9000015258789
579,579.0,,,137.8,2021-07-21 03:45:29,long,137.8,2021-07-21 03:46:01,SCHAND,137.3000030517578,0.0,137.0500030517578
580,580.0,,,49.9,2021-07-21 03:45:29,long,49.9,2021-07-21 03:46:01,BHAGYANGR,49.29999923706055,0.0,49.29999923706055
581,581.0,,,50.0,2021-07-21 03:45:29,long,50.0,2021-07-21 03:46:01,HUDCO,50.5,0.0,50.5
582,582.0,,,180.0,2021-07-21 03:45:29,long,180.0,2021-07-21 03:46:01,MOIL,183.1999969482422,0.0,182.75
583,583.0,,,448.1,2021-07-21 03:45:29,long,448.1,2021-07-21 03:46:01,PSPPROJECT,451.2999877929688,0.0,452.0499877929688
584,584.0,,,259.25,2021-07-21 03:45:29,long,259.25,2021-07-21 03:46:01,KIRLOSENG,261.29998779296875,0.0,262.29998779296875
585,585.0,,,114.8,2021-07-21 03:45:29,short,114.8,2021-07-21 03:46:01,STARCEMENT,114.0999984741211,0.0,114.1999969482422
586,586.0,,,402.75,2021-07-21 03:45:29,long,402.75,2021-07-21 03:46:01,BFINVEST,412.7000122070313,0.0,411.1499938964844
587,587.0,,,66.5,2021-07-21 03:45:29,long,66.5,2021-07-21 03:46:01,STEELXIND,66.80000305175781,0.0,67.0
588,588.0,,,334.2,2021-07-21 03:45:29,long,334.2,2021-07-21 03:46:01,MAGADSUGAR,333.8999938964844,0.0,333.70001220703125
589,589.0,,,479.65,2021-07-21 03:45:29,long,479.65,2021-07-21 03:46:01,AVADHSUGAR,478.0,0.0,479.2999877929688
590,590.0,,,482.25,2021-07-21 03:45:29,long,482.25,2021-07-21 03:46:01,SIS,491.7000122070313,0.0,488.9500122070313
591,591.0,,,119.9,2021-07-21 03:45:29,long,119.9,2021-07-21 03:46:01,ABCAPITAL,120.5500030517578,0.0,120.8000030517578
592,592.0,,,370.65,2021-07-21 03:45:29,long,370.65,2021-07-21 03:46:01,APEX,367.5,0.0,367.25
593,593.0,,,220.45,2021-07-21 03:45:29,long,220.45,2021-07-21 03:46:01,DCAL,224.1499938964844,0.0,224.1000061035156
594,594.0,,,82.35,2021-07-21 03:45:29,long,82.35,2021-07-21 03:46:01,LASA,83.5,0.0,83.5
595,595.0,,,78.35,2021-07-21 03:45:29,long,78.35,2021-07-21 03:46:01,HFCL,79.5,0.0,79.5
596,596.0,,,40.05,2021-07-21 03:45:29,long,40.05,2021-07-21 03:46:01,INDTERRAIN,40.84999847412109,0.0,40.54999923706055
597,597.0,,,149.45,2021-07-21 03:45:29,long,149.45,2021-07-21 03:46:01,MACPOWER,150.0,0.0,150.0500030517578
598,598.0,,,259.45,2021-07-21 03:45:29,long,259.45,2021-07-21 03:46:01,MAXHEALTH,261.20001220703125,0.0,260.8500061035156
599,599.0,,,67.7,2021-07-21 03:45:29,short,67.7,2021-07-21 03:46:01,TOTAL,69.94999694824219,0.0,70.0
600,600.0,,,145.35,2021-07-21 03:45:29,long,145.35,2021-07-21 03:46:01,ESTER,146.5,0.0,146.39999389648438
601,601.0,,,100.95,2021-07-21 03:45:31,long,100.95,2021-07-21 03:46:01,FILATEX,101.8000030517578,0.0,101.9499969482422
602,602.0,,,87.65,2021-07-21 03:45:31,long,87.65,2021-07-21 03:46:01,L&TFH,88.05000305175781,0.0,88.05000305175781
603,603.0,,,115.65,2021-07-21 03:45:31,long,115.65,2021-07-21 03:46:01,BODALCHEM,117.6999969482422,0.0,117.4499969482422
604,604.0,,,199.0,2021-07-21 03:45:31,long,199.0,2021-07-21 03:46:01,TDPOWERSYS,199.0,0.0,199.3999938964844
605,605.0,,,244.9,2021-07-21 03:45:31,long,244.9,2021-07-21 03:46:01,PANAMAPET,247.6999969482422,0.0,247.0
606,606.0,,,822.8,2021-07-21 03:45:31,long,822.8,2021-07-21 03:46:01,SHAKTIPUMP,832.75,0.0,834.9500122070312
607,607.0,,,124.85,2021-07-21 03:45:31,long,124.85,2021-07-21 03:46:01,TRITURBINE,126.4000015258789,0.0,126.4000015258789
608,608.0,,,133.9,2021-07-21 03:45:31,long,133.9,2021-07-21 03:46:01,MINDACORP,134.3000030517578,0.0,134.39999389648438
609,609.0,,,233.55,2021-07-21 03:45:31,long,233.55,2021-07-21 03:46:01,VSSL,234.8000030517578,0.0,234.6499938964844
610,610.0,,,141.15,2021-07-21 03:45:31,long,141.15,2021-07-21 03:46:01,SWANENERGY,142.89999389648438,0.0,142.89999389648438
611,611.0,,,67.7,2021-07-21 03:45:31,long,67.7,2021-07-21 03:46:01,SPECIALITY,68.4000015258789,0.0,68.5
612,612.0,,,47.1,2021-07-21 03:45:31,long,47.1,2021-07-21 03:46:01,CINELINE,47.400001525878906,0.0,47.79999923706055
613,613.0,,,181.6,2021-07-21 03:45:31,long,181.6,2021-07-21 03:46:01,KITEX,183.8000030517578,0.0,183.75
614,614.0,,,492.0,2021-07-21 03:45:31,long,492.0,2021-07-21 03:46:01,MAYURUNIQ,490.5499877929688,0.0,489.8500061035156
615,615.0,,,184.25,2021-07-21 03:45:31,long,184.25,2021-07-21 03:46:01,ROSSELLIND,186.9499969482422,0.0,186.3500061035156
616,616.0,,,141.5,2021-07-21 03:45:31,long,141.5,2021-07-21 03:46:01,ZUARI,141.5,0.0,141.5
617,617.0,,,224.6,2021-07-21 03:45:31,long,224.6,2021-07-21 03:46:01,INDUSTOWER,225.1499938964844,0.0,225.1499938964844
618,618.0,,,362.25,2021-07-21 03:45:31,long,362.25,2021-07-21 03:46:01,REPCOHOME,364.1000061035156,0.0,364.1000061035156
619,619.0,,,123.05,2021-07-21 03:45:31,long,123.05,2021-07-21 03:46:01,SCHNEIDER,124.6999969482422,0.0,124.6500015258789
620,620.0,,,51.15,2021-07-21 03:45:31,long,51.15,2021-07-21 03:46:01,NBCC,51.45000076293945,0.0,51.45000076293945
621,621.0,,,237.2,2021-07-21 03:45:31,long,237.2,2021-07-21 03:46:01,APTECHT,239.1499938964844,0.0,240.3999938964844
622,622.0,,,678.15,2021-07-21 03:45:31,long,678.15,2021-07-21 03:46:01,NUCLEUS,689.6500244140625,0.0,689.7000122070312
623,623.0,,,144.45,2021-07-21 03:45:31,long,144.45,2021-07-21 03:46:01,CANBK,145.35000610351562,0.0,145.35000610351562
624,624.0,,,81.25,2021-07-21 03:45:31,short,81.25,2021-07-21 03:46:01,SEYAIND,80.55000305175781,0.0,80.75
625,625.0,,,97.05,2021-07-21 03:45:31,long,97.05,2021-07-21 03:46:01,ADANIPOWER,97.0500030517578,0.0,97.0500030517578
626,626.0,,,77.5,2021-07-21 03:45:31,long,77.5,2021-07-21 03:46:01,MAXVIL,77.8499984741211,0.0,77.80000305175781
627,627.0,,,360.5,2021-07-21 03:45:31,long,360.5,2021-07-21 03:46:01,CONTROLPR,361.25,0.0,360.20001220703125
628,628.0,,,1140.95,2021-07-21 03:45:31,long,1140.95,2021-07-21 03:46:01,EXPLEOSOL,1140.949951171875,0.0,1140.949951171875
629,629.0,,,715.8,2021-07-21 03:45:31,long,715.8,2021-07-21 03:46:01,ADORWELD,710.5,0.0,711.6500244140625
630,630.0,,,1491.55,2021-07-21 03:45:31,long,1491.55,2021-07-21 03:46:01,HAPPSTMNDS,1506.1500244140625,0.0,1506.1500244140625
631,631.0,,,85.9,2021-07-21 03:45:31,long,85.9,2021-07-21 03:46:01,MODISNME,86.30000305175781,0.0,86.44999694824219
632,632.0,,,317.1,2021-07-21 03:45:31,long,317.1,2021-07-21 03:46:01,SUBROS,319.5,0.0,319.25
633,,,,1307.5,2021-07-22 03:45:02,short,1330.0,2021-07-22 03:46:14,ANGELBRKG,1275.0,-1.6917293233082706,1275.0
634,,,,79.85,2021-07-22 03:45:02,short,79.5,2021-07-22 03:46:14,RELINFRA,77.9000015258789,0.4402515723270369,77.9000015258789
635,,,,192.0,2021-07-22 03:45:04,short,193.6,2021-07-22 03:46:14,TATACOFFEE,184.4499969482422,-0.8264462809917326,184.39999389648438
636,,,,69.35,2021-07-22 03:45:04,short,69.95,2021-07-22 03:46:14,KHAICHEM,67.3499984741211,-0.8577555396712058,67.3499984741211
637,,,,63.35,2021-07-22 03:45:04,short,63.5,2021-07-22 03:46:14,EQUITASBNK,62.5,-0.23622047244094263,62.5
638,,,,244.1,2021-07-22 03:45:04,short,242.85,2021-07-22 03:46:14,EPL,239.0,0.5147210212065061,239.0
639,,,,179.9,2021-07-22 03:45:04,short,179.0,2021-07-22 03:46:14,GICHSGFIN,176.1999969482422,0.5027932960893887,176.1999969482422
640,,,,631.4,2021-07-22 03:45:04,long,631.4,2021-07-22 03:46:14,NEWGEN,664.5999755859375,0.0,664.5999755859375
641,,,,1058.0,2021-07-22 03:45:06,short,1057.0,2021-07-22 03:46:14,JINDALPOLY,1026.1500244140625,0.0946073793755913,1023.0
642,,,,93.55,2021-07-22 03:45:06,short,92.25,2021-07-22 03:46:14,KESORAMIND,88.94999694824219,1.4092140921409182,89.0
643,,,,447.7,2021-07-22 03:45:09,short,448.7,2021-07-22 03:46:14,MANGLMCEM,435.20001220703125,-0.22286605749944283,435.04998779296875
644,,,,78.7,2021-07-22 03:45:09,short,78.55,2021-07-22 03:46:14,SUNDARMHLD,76.80000305175781,0.1909611712285241,76.80000305175781
645,,,,67.2,2021-07-22 03:45:09,short,67.4,2021-07-22 03:46:14,MOREPENLAB,66.0999984741211,-0.2967359050445146,66.19999694824219
646,,,,733.65,2021-07-22 03:45:09,long,742.1,2021-07-22 03:46:14,ISEC,762.0,1.1517753697267152,761.9000244140625
647,,,,256.05,2021-07-22 03:45:09,short,257.7,2021-07-22 03:46:14,BCLIND,250.9499969482422,-0.6402793946449272,250.35000610351562
648,,,,608.95,2021-07-22 03:45:09,short,614.9,2021-07-22 03:46:14,JUBLINGREA,584.25,-0.967637014148631,584.0
649,,,,351.75,2021-07-22 03:45:09,short,353.35,2021-07-22 03:46:14,ORIENTELEC,345.79998779296875,-0.45280882977218695,345.79998779296875
650,,,,261.35,2021-07-22 03:45:11,short,261.1,2021-07-22 03:46:14,VEDL,256.29998779296875,0.09574875526618153,256.25
651,,,,150.8,2021-07-22 03:45:11,short,150.9,2021-07-22 03:46:14,SHANTIGEAR,145.14999389648438,-0.06626905235254758,145.89999389648438
652,,,,206.0,2021-07-22 03:45:11,short,206.0,2021-07-22 03:46:14,SHREYAS,200.60000610351562,0.0,200.60000610351562
653,,,,173.1,2021-07-22 03:45:11,short,174.35,2021-07-22 03:46:14,TIRUMALCHM,168.4499969482422,-0.7169486664754804,168.8000030517578
654,,,,234.75,2021-07-22 03:45:11,short,237.0,2021-07-22 03:46:14,VLSFINANCE,225.0500030517578,-0.949367088607595,226.0
655,,,,794.9,2021-07-22 03:45:11,short,795.05,2021-07-22 03:46:14,WHEELS,774.5,-0.01886673794100714,773.3499755859375
656,,,,72.45,2021-07-22 03:45:13,short,70.95,2021-07-22 03:46:14,PREMIERPOL,71.0999984741211,2.1141649048625792,71.3499984741211
657,,,,116.45,2021-07-22 03:45:13,short,116.3,2021-07-22 03:46:14,NBVENTURES,114.0999984741211,0.1289767841788527,113.5
658,,,,595.0,2021-07-22 03:45:13,short,589.75,2021-07-22 03:46:14,TCNSBRANDS,586.0,0.8902077151335311,586.0
659,,,,208.65,2021-07-22 03:45:13,short,209.05,2021-07-22 03:46:14,STERTOOLS,202.6999969482422,-0.19134178426214093,202.60000610351562
660,,,,49.65,2021-07-22 03:45:13,long,50.95,2021-07-22 03:45:50,SIGIND,50.25,2.618328298086615,50.54999923706055
661,,,,337.95,2021-07-22 03:45:13,short,334.7,2021-07-22 03:46:14,RAMCOIND,334.6000061035156,0.9710188228264117,324.75
662,,,,377.35,2021-07-22 03:45:13,short,375.3,2021-07-22 03:46:14,INDNIPPON,368.95001220703125,0.5462296829203334,369.0
663,,,,352.5,2021-07-22 03:45:13,short,349.3,2021-07-22 03:46:14,SHARDACROP,344.8500061035156,0.9161179501860832,344.25
664,,,,67.45,2021-07-22 03:45:13,short,67.2,2021-07-22 03:46:14,GMDCLTD,65.9000015258789,0.3720238095238095,66.0
665,,,,113.2,2021-07-22 03:45:13,long,113.55,2021-07-22 03:46:14,KOTHARIPRO,113.19999694824219,0.30918727915193844,113.19999694824219
666,,,,214.8,2021-07-22 03:45:15,short,214.8,2021-07-22 03:46:14,GOODLUCK,204.60000610351562,0.0,204.60000610351562
667,,,,106.5,2021-07-22 03:45:15,short,106.65,2021-07-22 03:46:14,FCL,103.69999694824219,-0.1406469760900194,103.80000305175781
668,,,,203.5,2021-07-22 03:45:15,short,204.25,2021-07-22 03:46:14,CAMLINFINE,199.5,-0.36719706242350064,199.1999969482422
669,,,,244.4,2021-07-22 03:45:15,short,244.4,2021-07-22 03:46:14,GULPOLY,228.0,0.0,227.75
670,,,,97.35,2021-07-22 03:45:15,long,99.9,2021-07-22 03:45:52,LAMBODHARA,100.5,2.6194144838212754,100.5
671,,,,302.6,2021-07-22 03:45:15,short,302.6,2021-07-22 03:46:14,TECHNOE,295.95001220703125,0.0,296.0
672,,,,525.55,2021-07-22 03:45:15,short,529.0,2021-07-22 03:46:14,MOLDTKPAC,517.5999755859375,-0.6521739130434869,516.3499755859375
673,,,,85.5,2021-07-22 03:45:15,short,85.85,2021-07-22 03:46:14,MENONBE,80.69999694824219,-0.40768782760628347,82.3499984741211
674,,,,69.4,2021-07-22 03:45:15,short,69.95,2021-07-22 03:46:14,TREJHARA,66.0999984741211,-0.7862759113652569,66.0999984741211
675,,,,110.8,2021-07-22 03:45:15,short,110.1,2021-07-22 03:46:14,INOXWIND,110.19999694824219,0.6357856494096302,110.1500015258789
676,,,,331.0,2021-07-22 03:45:15,short,331.3,2021-07-22 03:46:14,GEPIL,326.0,-0.0905523694536708,324.95001220703125
677,,,,443.0,2021-07-22 03:45:15,short,443.0,2021-07-22 03:46:14,XELPMOC,429.79998779296875,0.0,430.0
678,,,,178.0,2021-07-22 03:45:15,short,176.95,2021-07-22 03:46:14,CHALET,173.5,0.5933879627013345,173.6999969482422
679,,,,303.7,2021-07-22 03:45:15,short,308.35,2021-07-22 03:46:14,VRLLOG,297.3999938964844,-1.5080265931571377,297.1499938964844
680,,,,58.9,2021-07-22 03:45:17,short,59.15,2021-07-22 03:46:14,USHAMART,57.95000076293945,-0.422654268808115,57.95000076293945
681,,,,1011.6,2021-07-22 03:45:17,short,1016.95,2021-07-22 03:46:14,ANUP,990.0,-0.5260828949309232,990.1500244140625
682,,,,104.7,2021-07-22 03:45:17,short,104.5,2021-07-22 03:46:14,UFO,102.30000305175781,0.19138755980861516,102.25
683,,,,172.3,2021-07-22 03:45:17,short,170.35,2021-07-22 03:46:14,ARVINDFASN,169.64999389648438,1.1447020839448296,167.5500030517578
684,,,,172.1,2021-07-22 03:45:17,short,169.9,2021-07-22 03:46:14,SAKAR,170.85000610351562,1.2948793407886925,170.85000610351562
685,,,,113.0,2021-07-22 03:45:17,short,113.0,2021-07-22 03:46:14,MAHESHWARI,108.0,0.0,109.3499984741211
686,,,,60.8,2021-07-22 03:45:17,short,60.95,2021-07-22 03:46:14,CONFIPET,59.70000076293945,-0.24610336341264263,59.70000076293945
687,,,,414.05,2021-07-22 03:45:17,short,418.0,2021-07-22 03:46:14,TCI,406.20001220703125,-0.9449760765550211,406.29998779296875
688,,,,172.8,2021-07-22 03:45:19,short,173.25,2021-07-22 03:46:14,DCMNVL,170.5,-0.25974025974025317,170.60000610351562
689,,,,223.9,2021-07-22 03:45:19,short,224.0,2021-07-22 03:46:14,CREATIVE,217.4499969482422,-0.044642857142854604,217.4499969482422
690,,,,52.45,2021-07-22 03:45:19,short,52.3,2021-07-22 03:46:14,IDFCFIRSTB,51.25,0.28680688336521165,51.25
691,,,,61.3,2021-07-22 03:45:19,short,61.75,2021-07-22 03:46:14,VARDHACRLC,59.150001525878906,-0.7287449392712596,59.150001525878906
692,,,,88.7,2021-07-22 03:45:19,short,88.3,2021-07-22 03:46:14,SUVEN,87.5999984741211,0.4530011325028377,87.55000305175781
693,,,,322.05,2021-07-22 03:45:19,short,325.25,2021-07-22 03:46:14,DATAMATICS,317.6499938964844,-0.9838585703305114,317.54998779296875
694,,,,396.3,2021-07-22 03:45:19,short,393.95,2021-07-22 03:46:14,CCL,385.5,0.5965224013199703,385.25
695,,,,124.0,2021-07-22 03:45:21,short,125.75,2021-07-22 03:46:14,XCHANGING,122.4000015258789,-1.3916500994035785,122.4000015258789
696,,,,284.9,2021-07-22 03:45:21,short,281.0,2021-07-22 03:46:14,GDL,276.0,1.387900355871878,278.8999938964844
697,,,,100.95,2021-07-22 03:45:21,short,100.0,2021-07-22 03:46:14,VISHAL,98.19999694824219,0.950000000000003,98.4000015258789
698,,,,201.4,2021-07-22 03:45:21,short,201.1,2021-07-22 03:46:14,GOKEX,197.75,0.14917951268026425,197.75
699,,,,376.75,2021-07-22 03:45:21,short,378.0,2021-07-22 03:46:14,GRANULES,370.29998779296875,-0.3306878306878307,370.3999938964844
700,,,,70.0,2021-07-22 03:45:21,short,70.2,2021-07-22 03:46:14,GENUSPOWER,68.25,-0.28490028490028896,68.30000305175781
701,,,,38.85,2021-07-22 03:45:21,short,38.7,2021-07-22 03:46:14,NECLIFE,37.95000076293945,0.3875968992248025,37.95000076293945
702,,,,50.55,2021-07-22 03:45:21,short,50.3,2021-07-22 03:46:14,SPLIL,49.599998474121094,0.4970178926441352,49.650001525878906
703,,,,606.25,2021-07-22 03:45:21,short,604.95,2021-07-22 03:46:14,GOLDIAM,582.0,0.21489379287543672,582.3499755859375
704,,,,415.7,2021-07-22 03:45:21,short,409.9,2021-07-22 03:46:14,RML,409.75,1.4149792632349383,408.79998779296875
705,,,,109.35,2021-07-22 03:45:21,short,110.85,2021-07-22 03:46:14,DOLAT,103.0,-1.3531799729364005,103.0
706,,,,106.3,2021-07-22 03:45:21,short,106.3,2021-07-22 03:46:14,PRECAM,99.30000305175781,0.0,99.3499984741211
707,,,,124.5,2021-07-22 03:45:21,short,125.0,2021-07-22 03:46:14,IIFLSEC,122.0999984741211,-0.4,122.05000305175781
708,,,,116.75,2021-07-22 03:45:21,short,116.75,2021-07-22 03:46:14,NAHARINDUS,110.9000015258789,0.0,111.4000015258789
709,,,,185.45,2021-07-22 03:45:21,short,186.4,2021-07-22 03:46:14,NITINSPIN,181.0500030517578,-0.5096566523605242,181.0500030517578
710,,,,73.7,2021-07-22 03:45:21,short,74.1,2021-07-22 03:46:14,SADBHAV,71.3499984741211,-0.5398110661268442,71.25
711,,,,186.9,2021-07-22 03:45:23,short,185.9,2021-07-22 03:46:14,RSYSTEMS,183.0,0.5379236148466917,183.1999969482422
712,,,,61.55,2021-07-22 03:45:23,short,61.55,2021-07-22 03:46:14,KELLTONTEC,60.20000076293945,0.0,60.29999923706055
713,,,,715.95,2021-07-22 03:45:23,short,718.65,2021-07-22 03:46:14,JKLAKSHMI,702.0,-0.3757044458359329,702.7000122070312
714,,,,168.1,2021-07-22 03:45:23,short,170.1,2021-07-22 03:46:14,ALLCARGO,158.85000610351562,-1.1757789535567313,157.6999969482422
715,,,,286.8,2021-07-22 03:45:23,short,286.75,2021-07-22 03:46:14,VIDHIING,260.8500061035156,0.017436791630343982,275.1000061035156
716,,,,233.9,2021-07-22 03:45:23,short,231.9,2021-07-22 03:46:14,ACE,228.14999389648438,0.8624407072013798,227.75
717,,,,188.75,2021-07-22 03:45:23,short,187.55,2021-07-22 03:46:14,GEECEE,186.6999969482422,0.6398293788323053,187.5500030517578
718,,,,167.4,2021-07-22 03:45:23,short,166.75,2021-07-22 03:46:14,GATI,162.5,0.3898050974512778,162.5
719,,,,77.3,2021-07-22 03:45:23,short,77.3,2021-07-22 03:46:14,SUTLEJTEX,73.55000305175781,0.0,73.6500015258789
720,,,,78.1,2021-07-22 03:45:23,short,78.3,2021-07-22 03:46:14,DAAWAT,76.5,-0.25542784163474186,76.5999984741211
721,,,,139.0,2021-07-22 03:45:23,short,136.25,2021-07-22 03:46:14,JINDRILL,134.89999389648438,2.0183486238532113,135.25
722,,,,123.3,2021-07-22 03:45:23,long,123.3,2021-07-22 03:46:14,CREST,129.14999389648438,0.0,129.14999389648438
723,,,,176.95,2021-07-22 03:45:23,short,175.3,2021-07-22 03:46:14,LUMAXTECH,172.35000610351562,0.9412435824301066,172.1999969482422
724,,,,52.65,2021-07-22 03:45:23,short,53.2,2021-07-22 03:46:14,NETWORK18,50.400001525878906,-1.0338345864661733,50.5
725,,,,43.35,2021-07-22 03:45:26,short,42.8,2021-07-22 03:46:14,TV18BRDCST,40.900001525878906,1.2850467289719727,40.900001525878906
726,,,,603.0,2021-07-22 03:45:26,short,612.35,2021-07-22 03:46:14,TIIL,598.8499755859375,-1.526904548052588,589.4000244140625
727,,,,223.8,2021-07-22 03:45:26,short,223.2,2021-07-22 03:46:14,FSL,217.3000030517578,0.26881720430108547,217.10000610351562
728,,,,141.25,2021-07-22 03:45:26,short,141.0,2021-07-22 03:46:14,INDIANB,138.14999389648438,0.1773049645390071,138.0500030517578
729,,,,53.15,2021-07-22 03:45:26,short,52.8,2021-07-22 03:46:14,HSCL,52.0,0.6628787878787906,52.099998474121094
730,,,,125.9,2021-07-22 03:45:26,short,125.9,2021-07-22 03:46:14,GANESHHOUC,120.0999984741211,0.0,120.0999984741211
731,,,,310.6,2021-07-22 03:45:26,long,320.0,2021-07-22 03:46:14,NAHARSPING,322.0,3.026400515131995,320.0
732,,,,206.9,2021-07-22 03:45:26,short,206.95,2021-07-22 03:46:14,NAHARPOLY,203.60000610351562,-0.024160425223475696,203.5500030517578
733,,,,959.95,2021-07-22 03:45:26,short,955.9,2021-07-22 03:46:14,THEMISMED,926.0,0.42368448582488427,924.9500122070312
734,,,,219.0,2021-07-22 03:45:26,short,219.0,2021-07-22 03:46:14,BANSWRAS,214.0,0.0,214.5
735,,,,863.35,2021-07-22 03:45:26,short,869.85,2021-07-22 03:46:14,PHOENIXLTD,841.6500244140625,-0.7472552738977984,842.0
736,,,,323.5,2021-07-22 03:45:26,short,323.4,2021-07-22 03:46:14,SRHHYPOLTD,321.3999938964844,0.030921459492895098,321.20001220703125
737,,,,71.7,2021-07-22 03:45:26,short,71.95,2021-07-22 03:46:14,WEBELSOLAR,69.3499984741211,-0.34746351633078526,69.19999694824219
738,,,,235.9,2021-07-22 03:45:26,short,232.4,2021-07-22 03:46:14,CHEMBOND,231.0,1.5060240963855422,231.60000610351562
739,,,,58.5,2021-07-22 03:45:26,short,58.5,2021-07-22 03:46:14,MCDHOLDING,57.04999923706055,0.0,57.04999923706055
740,,,,123.55,2021-07-22 03:45:26,short,123.55,2021-07-22 03:46:14,V2RETAIL,122.05000305175781,0.0,120.4000015258789
741,,,,85.6,2021-07-22 03:45:26,short,86.0,2021-07-22 03:46:14,TARMAT,85.55000305175781,-0.46511627906977404,85.5999984741211
742,,,,735.95,2021-07-22 03:45:26,short,738.2,2021-07-22 03:46:14,DECCANCE,738.8499755859375,-0.30479544838797074,737.0
743,,,,90.5,2021-07-22 03:45:26,short,90.5,2021-07-22 03:46:14,OMAXE,87.9000015258789,0.0,88.19999694824219
744,,,,248.45,2021-07-22 03:45:28,short,243.75,2021-07-22 03:46:14,MAHINDCIE,241.0,1.9282051282051234,241.0500030517578
745,,,,1093.8,2021-07-22 03:45:28,short,1091.8,2021-07-22 03:46:14,MOTILALOFS,1067.0,0.18318373328448434,1068.800048828125
746,,,,395.95,2021-07-22 03:45:28,short,395.0,2021-07-22 03:46:14,MAANALU,385.0,0.24050632911392114,385.0
747,,,,150.0,2021-07-22 03:45:28,short,150.2,2021-07-22 03:46:14,RELIGARE,146.25,-0.13315579227695648,146.6999969482422
748,,,,91.0,2021-07-22 03:45:28,short,91.6,2021-07-22 03:46:14,EDELWEISS,88.5999984741211,-0.6550218340611291,88.5999984741211
749,,,,70.9,2021-07-22 03:45:28,short,69.95,2021-07-22 03:46:14,MANAKSIA,68.05000305175781,1.3581129378127272,67.69999694824219
750,,,,244.95,2021-07-22 03:45:28,short,244.85,2021-07-22 03:46:14,NAHARCAP,238.0,0.04084133142740221,237.0500030517578
751,,,,226.7,2021-07-22 03:45:28,short,226.2,2021-07-22 03:46:14,HCG,224.0,0.22104332449160036,224.0
752,,,,132.55,2021-07-22 03:45:28,long,132.55,2021-07-22 03:46:14,MMP,134.0,0.0,134.25
753,,,,124.85,2021-07-22 03:45:31,short,125.5,2021-07-22 03:46:14,EQUITAS,121.5,-0.5179282868525942,121.5
754,,,,184.75,2021-07-22 03:45:31,short,184.75,2021-07-22 03:46:14,DPWIRES,180.3000030517578,0.0,178.39999389648438
755,,,,104.5,2021-07-22 03:45:31,short,104.5,2021-07-22 03:46:14,MAWANASUG,102.0,0.0,102.9000015258789
756,,,,311.95,2021-07-22 03:45:31,short,311.2,2021-07-22 03:46:14,MHRIL,306.04998779296875,0.2410025706940874,306.29998779296875
757,,,,99.5,2021-07-22 03:45:31,short,99.5,2021-07-22 03:46:14,MOLDTECH,95.75,0.0,95.6500015258789
758,,,,100.0,2021-07-22 03:45:31,short,99.55,2021-07-22 03:46:14,GPTINFRA,97.25,0.4520341536916151,97.30000305175781
759,,,,139.65,2021-07-22 03:45:31,short,139.4,2021-07-22 03:46:14,HINDCOPPER,136.9499969482422,0.1793400286944046,136.9499969482422
760,,,,127.0,2021-07-22 03:45:31,long,127.0,2021-07-22 03:46:14,TRF,123.6500015258789,0.0,126.75
761,,,,98.4,2021-07-22 03:45:31,short,98.45,2021-07-22 03:46:14,MINDTECK,94.4000015258789,-0.050787201625187565,93.94999694824219
762,,,,120.9,2021-07-22 03:45:31,short,120.7,2021-07-22 03:46:14,EMMBI,119.6500015258789,0.16570008285004378,119.6500015258789
763,,,,51.9,2021-07-22 03:45:31,short,51.2,2021-07-22 03:46:14,TEXMOPIPES,50.45000076293945,1.3671874999999916,50.349998474121094
764,,,,62.45,2021-07-22 03:45:31,short,63.0,2021-07-22 03:46:14,MANINFRA,61.349998474121094,-0.8730158730158686,61.400001525878906
765,,,,528.2,2021-07-22 03:45:33,short,527.4,2021-07-22 03:46:14,GNA,514.2999877929688,0.15168752370118851,514.1500244140625
766,,,,83.8,2021-07-22 03:45:33,long,84.9,2021-07-22 03:46:14,MARATHON,87.8499984741211,1.3126491646778145,87.8499984741211
767,,,,84.65,2021-07-22 03:45:33,short,84.75,2021-07-22 03:46:14,HPL,83.8499984741211,-0.11799410029497855,83.30000305175781
768,,,,699.0,2021-07-22 03:45:33,short,699.0,2021-07-22 03:46:14,PNBHOUSING,680.0,0.0,680.0
769,,,,73.0,2021-07-22 03:45:33,short,72.95,2021-07-22 03:46:14,AARVI,71.44999694824219,0.06854009595613043,71.4000015258789
770,,,,86.25,2021-07-22 03:45:33,short,86.3,2021-07-22 03:46:14,EMAMIREAL,84.80000305175781,-0.05793742757821223,84.44999694824219
771,,,,82.1,2021-07-22 03:45:33,short,82.75,2021-07-22 03:46:14,TERASOFT,79.75,-0.7854984894259888,79.75
772,,,,408.55,2021-07-22 03:45:33,short,405.4,2021-07-22 03:46:14,ITDC,399.45001220703125,0.7770103601381436,399.04998779296875
773,,,,97.3,2021-07-22 03:45:33,short,97.5,2021-07-22 03:46:14,PRICOLLTD,95.55000305175781,-0.20512820512820804,95.5999984741211
774,,,,294.35,2021-07-22 03:45:33,long,299.05,2021-07-22 03:46:14,SASTASUNDR,310.0,1.5967385765245417,310.0
775,,,,149.85,2021-07-22 03:45:33,short,148.35,2021-07-22 03:46:14,CLEDUCATE,145.5,1.0111223458038423,145.5
776,,,,183.35,2021-07-22 03:45:35,short,183.0,2021-07-22 03:46:14,GRAVITA,179.1999969482422,0.1912568306010898,179.1999969482422
777,,,,76.2,2021-07-22 03:45:35,short,76.05,2021-07-22 03:46:14,JINDWORLD,73.55000305175781,0.1972386587771278,73.4000015258789
778,,,,141.25,2021-07-22 03:45:35,short,140.85,2021-07-22 03:46:14,SCHAND,138.25,0.28399006034789187,138.25
779,,,,99.8,2021-07-22 03:45:35,short,99.25,2021-07-22 03:46:14,RPPINFRA,96.5,0.5541561712846319,96.6500015258789
780,,,,49.9,2021-07-22 03:45:35,long,49.35,2021-07-22 03:46:12,BHAGYANGR,49.599998474121094,-1.1022044088176297,49.5
781,,,,117.45,2021-07-22 03:45:35,short,118.75,2021-07-22 03:46:14,STARCEMENT,115.30000305175781,-1.0947368421052608,115.3499984741211
782,,,,1440.0,2021-07-22 03:45:35,long,1426.65,2021-07-22 03:46:14,CDSL,1501.449951171875,-0.927083333333327,1501.4000244140625
783,,,,522.0,2021-07-22 03:45:35,short,522.05,2021-07-22 03:46:14,DYNPRO,509.1499938964844,-0.009577626664103923,509.0
784,,,,339.9,2021-07-22 03:45:35,short,339.75,2021-07-22 03:46:14,MAGADSUGAR,330.0,0.044150110375269246,330.0
785,,,,741.9,2021-07-22 03:45:35,short,741.9,2021-07-22 03:46:14,SMSLIFE,726.0,0.0,725.2000122070312
786,,,,84.4,2021-07-22 03:45:35,short,84.65,2021-07-22 03:46:14,LASA,83.5,-0.29533372711163614,83.5999984741211
787,,,,232.5,2021-07-22 03:45:35,short,232.55,2021-07-22 03:46:14,CAPACITE,226.5500030517578,-0.021500752526343307,227.25
788,,,,80.5,2021-07-22 03:45:35,short,80.45,2021-07-22 03:46:14,HFCL,78.80000305175781,0.062150403977622316,78.69999694824219
789,,,,42.2,2021-07-22 03:45:35,short,42.25,2021-07-22 03:46:14,INDTERRAIN,40.95000076293945,-0.11834319526626547,40.79999923706055
790,,,,149.45,2021-07-22 03:45:35,long,149.45,2021-07-22 03:46:14,MACPOWER,150.6999969482422,0.0,150.0500030517578
791,,,,265.9,2021-07-22 03:45:35,short,265.8,2021-07-22 03:46:14,MAXHEALTH,260.6000061035156,0.037622272385239235,260.54998779296875
792,,,,254.5,2021-07-22 03:45:37,short,254.1,2021-07-22 03:46:14,PANAMAPET,247.4499969482422,0.1574183392365233,247.9499969482422
793,,,,760.9,2021-07-22 03:45:37,long,760.35,2021-07-22 03:46:14,SHAKTIPUMP,826.9000244140625,-0.0722828229727894,835.0999755859375
794,,,,127.95,2021-07-22 03:45:37,short,127.4,2021-07-22 03:46:14,TRITURBINE,125.0,0.431711145996858,124.94999694824219
795,,,,152.8,2021-07-22 03:45:37,short,152.8,2021-07-22 03:46:14,DSSL,149.85000610351562,0.0,149.5500030517578
796,,,,186.55,2021-07-22 03:45:37,short,187.7,2021-07-22 03:46:14,KITEX,181.39999389648438,-0.6126798082045697,181.3000030517578
797,,,,188.05,2021-07-22 03:45:37,short,190.0,2021-07-22 03:46:14,ROSSELLIND,184.3000030517578,-1.0263157894736783,184.0
798,,,,92.6,2021-07-22 03:45:37,long,93.4,2021-07-22 03:46:14,ADANIPOWER,97.05000305175781,0.8639308855291701,97.05000305175781
799,,,,159.9,2021-07-22 03:45:37,short,158.9,2021-07-22 03:46:14,OIL,154.5500030517578,0.6293266205160477,154.5500030517578
800,,,,79.3,2021-07-22 03:45:37,short,79.2,2021-07-22 03:46:14,MAXVIL,77.5,0.12626262626261908,77.5
801,,,,1169.75,2021-07-22 03:45:37,short,1120.0,2021-07-22 03:46:14,EXPLEOSOL,1140.949951171875,4.441964285714286,1140.949951171875
802,,,,88.6,2021-07-22 03:45:37,short,88.6,2021-07-22 03:46:14,MAHASTEEL,87.0,0.0,86.5999984741211
803,,,,326.45,2021-07-22 03:45:37,short,326.3,2021-07-22 03:46:14,AEGISCHEM,319.95001220703125,0.04596996628868442,320.1000061035156
804,,,,88.4,2021-07-22 03:45:37,short,87.95,2021-07-22 03:46:14,MODISNME,86.44999694824219,0.5116543490619703,86.3499984741211
