,price_in,price_out,order,stock,profit
0,3757.0,3755.64990234375,short,DIVISLAB.NS,0.03594844278236527
1,3806.0,3798.39990234375,long,DIVISLAB.NS,-0.1996872742052023
2,3786.050048828125,3750.0,long,DIVISLAB.NS,-0.952180989770153
3,3739.89990234375,3754.25,short,DIVISLAB.NS,-0.38223606995405207
4,3799.14990234375,3828.0,long,DIVISLAB.NS,0.7593829777143556
5,3825.5,3807.85009765625,long,DIVISLAB.NS,-0.46137504492876746
6,3847.550048828125,3804.199951171875,long,DIVISLAB.NS,-1.1266935350055665
7,3821.550048828125,3813.0,long,DIVISLAB.NS,-0.22373248338712365
8,3800.0,3800.050048828125,short,DIVISLAB.NS,-0.0013170570777201807
9,3814.14990234375,3776.800048828125,long,DIVISLAB.NS,-0.9792445098362274
10,3767.0,3754.0,long,DIVISLAB.NS,-0.34510220334483677
11,3809.0,3784.5,long,DIVISLAB.NS,-0.6432134418482541
12,3796.5,3762.050048828125,long,DIVISLAB.NS,-0.9074134379527196
13,3752.39990234375,3778.0,short,DIVISLAB.NS,-0.6776097844428268
14,3807.0,3775.25,long,DIVISLAB.NS,-0.8339900183871815
15,3788.35009765625,3804.449951171875,long,DIVISLAB.NS,0.4249832539391105
16,3923.0,3916.14990234375,long,DIVISLAB.NS,-0.17461375621335712
17,3892.550048828125,3903.14990234375,long,DIVISLAB.NS,0.27231129677616217
18,3916.550048828125,3919.0,long,DIVISLAB.NS,0.06255380733888623
19,3953.0,4033.0,long,DIVISLAB.NS,2.023779408044523
20,4082.60009765625,4057.75,long,DIVISLAB.NS,-0.6086831201154385
21,4079.0,4089.949951171875,long,DIVISLAB.NS,0.26844695199497426
22,4062.60009765625,4056.300048828125,short,DIVISLAB.NS,0.15531515795891626
23,4076.300048828125,4037.0,long,DIVISLAB.NS,-0.964110795509844
24,4037.89990234375,4022.35009765625,long,DIVISLAB.NS,-0.3850963387793319
25,4033.39990234375,4055.0,long,DIVISLAB.NS,0.5355307725301054
26,4067.0,4056.949951171875,long,DIVISLAB.NS,-0.24711209314298008
27,4058.89990234375,4034.949951171875,long,DIVISLAB.NS,-0.5900601578778887
28,4060.300048828125,4150.0,long,DIVISLAB.NS,2.2091951356591
29,4170.2998046875,4168.64990234375,long,DIVISLAB.NS,-0.03956315902984905
30,4189.10009765625,4159.0498046875,long,DIVISLAB.NS,-0.7173448298731933
31,4104.0,4075.050048828125,long,DIVISLAB.NS,-0.7054081669560185
32,4078.0,4058.14990234375,long,DIVISLAB.NS,-0.48676060952059835
33,4071.39990234375,4060.0,long,DIVISLAB.NS,-0.27999957305072165
34,4023.75,4023.85009765625,short,DIVISLAB.NS,-0.0024876089769920442
35,4036.300048828125,4054.89990234375,long,DIVISLAB.NS,0.4608144412114548
36,4052.0,4041.35009765625,long,DIVISLAB.NS,-0.2628307587302567
37,4056.949951171875,4038.85009765625,long,DIVISLAB.NS,-0.4461443629689527
38,4058.699951171875,4050.300048828125,long,DIVISLAB.NS,-0.20696041700063791
39,4045.89990234375,4035.0,long,DIVISLAB.NS,-0.2694061298312347
40,4023.75,3986.75,long,DIVISLAB.NS,-0.9195402298850575
41,4028.949951171875,4020.5,long,DIVISLAB.NS,-0.20973085479548378
42,4035.0,4035.800048828125,long,DIVISLAB.NS,0.019827728082403965
43,4038.050048828125,4040.199951171875,long,DIVISLAB.NS,0.05324110196142614
44,4087.0,4095.550048828125,long,DIVISLAB.NS,0.2092010968467091
45,4096.5,4086.0,long,DIVISLAB.NS,-0.25631636763090443
46,4092.64990234375,4102.75,long,DIVISLAB.NS,0.24678626066856946
47,4092.0,4095.050048828125,short,DIVISLAB.NS,-0.07448135655870258
48,4094.949951171875,4091.300048828125,long,DIVISLAB.NS,-0.08913179372816234
49,4099.89990234375,4095.0,long,DIVISLAB.NS,-0.1195127310534806
50,4104.7998046875,4067.25,long,DIVISLAB.NS,-0.9147779788095824
51,4103.9501953125,4097.0,long,DIVISLAB.NS,-0.16935379285154237
52,4110.9501953125,4098.39990234375,long,DIVISLAB.NS,-0.3052893460752805
53,4081.60009765625,4083.75,short,DIVISLAB.NS,-0.05264529767370677
54,4075.89990234375,4127.0,long,DIVISLAB.NS,1.2537132628518697
55,4128.0,4120.10009765625,long,DIVISLAB.NS,-0.19137360328851744
56,4225.9501953125,4186.0,long,DIVISLAB.NS,-0.9453541444197207
57,4148.7001953125,4154.14990234375,short,DIVISLAB.NS,-0.13118705774616615
58,4174.5,4176.60009765625,long,DIVISLAB.NS,0.05030776515151515
59,4195.9501953125,4205.7998046875,long,DIVISLAB.NS,0.23474085526571498
60,4205.75,4218.0,long,DIVISLAB.NS,0.2912679070320395
61,4248.4501953125,4233.25,long,DIVISLAB.NS,-0.3577821232145086
62,4216.64990234375,4214.25,long,DIVISLAB.NS,-0.056914906367162635
63,4225.2001953125,4229.0,long,DIVISLAB.NS,0.08993194433048544
64,4228.0,4223.7001953125,long,DIVISLAB.NS,-0.10169831332781457
65,4234.7001953125,4266.0,long,DIVISLAB.NS,0.7391268152146064
66,4274.10009765625,4270.9501953125,long,DIVISLAB.NS,-0.07369743973654908
67,4252.2998046875,4216.89990234375,long,DIVISLAB.NS,-0.8324883938034451
68,4240.75,4237.60009765625,long,DIVISLAB.NS,-0.07427701099451749
69,4242.0,4238.5,long,DIVISLAB.NS,-0.08250825082508251
70,4298.75,4272.5498046875,long,DIVISLAB.NS,-0.6094840433265484
71,4272.5498046875,4232.25,long,DIVISLAB.NS,-0.9432260951829344
72,4258.75,4361.25,long,DIVISLAB.NS,2.4068095098326974
73,4404.0,4389.0,long,DIVISLAB.NS,-0.3405994550408719
74,4378.10009765625,4375.0,long,DIVISLAB.NS,-0.07080920004340674
75,4614.0498046875,4708.7998046875,long,BAJFINANCE.NS,2.053510560370235
76,4654.7001953125,4639.0,long,BAJFINANCE.NS,-0.3372976701767136
77,4664.25,4636.5498046875,long,BAJFINANCE.NS,-0.5938831604759607
78,4664.0,4659.0,long,BAJFINANCE.NS,-0.10720411663807891
79,4653.0,4634.9501953125,long,BAJFINANCE.NS,-0.3879175733397808
80,4452.9501953125,4450.0,long,BAJFINANCE.NS,-0.06625260070515926
81,4489.2001953125,4604.0,long,BAJFINANCE.NS,2.557244045551161
82,4685.25,4664.0498046875,long,BAJFINANCE.NS,-0.4524880275865749
83,4659.60009765625,4619.39990234375,long,BAJFINANCE.NS,-0.8627391722461429
84,4624.0,4537.0,long,BAJFINANCE.NS,-1.8814878892733564
85,4555.0,4570.0,short,BAJFINANCE.NS,-0.3282275711159737
86,4657.0,4657.0498046875,long,BAJFINANCE.NS,0.0010694586106935796
87,4673.5,4690.2001953125,long,BAJFINANCE.NS,0.3573380830747834
88,4712.5498046875,4672.4501953125,long,BAJFINANCE.NS,-0.8509110998702558
89,4769.60009765625,4727.0,long,BAJFINANCE.NS,-0.8931586880246712
90,4756.0,4802.0,long,BAJFINANCE.NS,0.9671993271656856
91,4812.0,4984.25,long,BAJFINANCE.NS,3.579592684954281
92,5281.0,5387.25,long,BAJFINANCE.NS,2.011929558795683
93,5411.85009765625,5487.10009765625,long,BAJFINANCE.NS,1.3904671903715344
94,5442.2001953125,5457.0,long,BAJFINANCE.NS,0.271945245605765
95,5464.7998046875,5333.2001953125,long,BAJFINANCE.NS,-2.408132302707938
96,5425.2998046875,5427.9501953125,long,BAJFINANCE.NS,0.04885242697021173
97,5440.0,5552.7001953125,long,BAJFINANCE.NS,2.071694766773897
98,5718.35009765625,5661.35009765625,long,BAJFINANCE.NS,-0.9967910153553259
99,5532.60009765625,5495.0498046875,long,BAJFINANCE.NS,-0.6787096899459127
100,5480.2001953125,5492.2001953125,short,BAJFINANCE.NS,-0.21849167133859757
101,5515.0,5488.14990234375,long,BAJFINANCE.NS,-0.4868558051903898
102,5524.7001953125,5560.0,long,BAJFINANCE.NS,0.6389451633493262
103,5541.9501953125,5492.0,long,BAJFINANCE.NS,-0.9013107940729771
104,5510.2001953125,5478.0,long,BAJFINANCE.NS,-0.5843743270869278
105,5501.9501953125,5480.0498046875,long,BAJFINANCE.NS,-0.39804778028813287
106,5496.0498046875,5501.75,long,BAJFINANCE.NS,0.10371440425518683
107,5423.5498046875,5389.7001953125,long,BAJFINANCE.NS,-0.624122771874322
108,5396.0,5401.10009765625,short,BAJFINANCE.NS,-0.09442701605295434
109,5417.0498046875,5410.0,long,BAJFINANCE.NS,-0.1301410350962555
110,5369.75,5325.0,long,BAJFINANCE.NS,-0.8333721309185715
111,5288.35009765625,5307.0,short,BAJFINANCE.NS,-0.3514208091906915
112,5310.7998046875,5418.89990234375,long,BAJFINANCE.NS,2.035476795055182
113,5410.75,5410.75,long,BAJFINANCE.NS,0.0
114,5422.10009765625,5404.89990234375,long,BAJFINANCE.NS,-0.3172238616534382
115,5423.0,5542.60009765625,long,BAJFINANCE.NS,2.205423154273465
116,5641.0,5652.0,long,BAJFINANCE.NS,0.1950008863676653
117,5659.0,5649.2998046875,long,BAJFINANCE.NS,-0.1714118273988337
118,5644.85009765625,5628.2998046875,long,BAJFINANCE.NS,-0.2931927807192206
119,5565.0,5584.60009765625,short,BAJFINANCE.NS,-0.3509668967071749
120,5604.2998046875,5601.0,long,BAJFINANCE.NS,-0.05887987442677506
121,5603.75,5556.0,long,BAJFINANCE.NS,-0.8521079634173544
122,5598.9501953125,5662.4501953125,long,BAJFINANCE.NS,1.1341411833447432
123,5622.0,5610.0,long,BAJFINANCE.NS,-0.21344717182497333
124,5604.64990234375,5608.2001953125,short,BAJFINANCE.NS,-0.06330538934251027
125,5619.5,5600.0,long,BAJFINANCE.NS,-0.3470059613844648
126,5638.0,5614.14990234375,long,BAJFINANCE.NS,-0.42302408045849593
127,5622.5,5625.7001953125,long,BAJFINANCE.NS,0.056917657847932415
128,5630.0,5757.0,long,BAJFINANCE.NS,2.2557726465364123
129,5733.0,5731.0,long,BAJFINANCE.NS,-0.034885749171463455
130,5690.75,5680.9501953125,long,BAJFINANCE.NS,-0.17220585489610332
131,5686.25,5630.2001953125,long,BAJFINANCE.NS,-0.9857077104858212
132,5628.10009765625,5614.4501953125,long,BAJFINANCE.NS,-0.24253126467019176
133,5627.9501953125,5670.0,long,BAJFINANCE.NS,0.74716021336726
134,5680.0498046875,5807.10009765625,long,BAJFINANCE.NS,2.236781319485982
135,5806.2998046875,5788.89990234375,long,BAJFINANCE.NS,-0.2996728196794598
136,5806.0,5780.0498046875,long,BAJFINANCE.NS,-0.4469547935325525
137,5792.0,5795.0,long,BAJFINANCE.NS,0.05179558011049724
138,5835.85009765625,5849.0,long,BAJFINANCE.NS,0.22532967988727406
139,5864.7998046875,5901.5,long,BAJFINANCE.NS,0.6257706406818354
140,5938.0,5919.0,long,BAJFINANCE.NS,-0.31997305490063993
141,5937.5,5969.0,long,BAJFINANCE.NS,0.5305263157894736
142,5993.39990234375,5795.25,long,BAJFINANCE.NS,-3.3061351748990164
143,5747.0,5716.5,short,BAJFINANCE.NS,0.533543251989854
144,5734.25,5739.9501953125,long,BAJFINANCE.NS,0.09940611784453068
145,5792.4501953125,5754.75,long,BAJFINANCE.NS,-0.650850573441419
146,5766.2998046875,5763.0,long,BAJFINANCE.NS,-0.05722568716974351
147,5769.75,5749.10009765625,long,BAJFINANCE.NS,-0.35789942967632915
148,5817.2998046875,5946.0,long,BAJFINANCE.NS,2.2123699935285295
149,611.7000122070312,609.4500122070312,long,JSWSTEEL.NS,-0.36782735901572655
150,613.0,628.0,long,JSWSTEEL.NS,2.4469820554649266
151,623.25,623.7999877929688,long,JSWSTEEL.NS,0.08824513324809466
152,625.7000122070312,625.5,long,JSWSTEEL.NS,-0.03196615041219946
153,630.5999755859375,626.9500122070312,long,JSWSTEEL.NS,-0.5788080431679048
154,630.75,628.9500122070312,long,JSWSTEEL.NS,-0.28537261878220377
155,631.7999877929688,628.7000122070312,long,JSWSTEEL.NS,-0.4906577470453062
156,624.9000244140625,622.9500122070312,short,JSWSTEEL.NS,0.3130286810851178
157,609.0,610.3499755859375,short,JSWSTEEL.NS,-0.22118057506949518
158,613.3499755859375,614.0,long,JSWSTEEL.NS,0.10597936576772944
159,624.5499877929688,619.5,long,JSWSTEEL.NS,-0.8085802404407001
160,619.3499755859375,621.3499755859375,long,JSWSTEEL.NS,0.3229192022019369
161,622.0,618.6500244140625,long,JSWSTEEL.NS,-0.5385812839127814
162,635.3499755859375,648.75,long,JSWSTEEL.NS,2.1090776625441157
163,648.9000244140625,643.4500122070312,long,JSWSTEEL.NS,-0.83988472830656
164,639.5,638.9000244140625,long,JSWSTEEL.NS,-0.09381948177286943
165,636.2000122070312,640.7000122070312,long,JSWSTEEL.NS,0.7073247270758645
166,646.25,659.5,long,JSWSTEEL.NS,2.0502901353965184
167,656.5,663.5499877929688,long,JSWSTEEL.NS,1.0738747590203732
168,662.3499755859375,665.5999755859375,long,JSWSTEEL.NS,0.49067715253177724
169,656.7000122070312,671.0,long,JSWSTEEL.NS,2.177552539539246
170,680.5,694.25,long,JSWSTEEL.NS,2.020573108008817
171,714.9000244140625,730.9500122070312,long,JSWSTEEL.NS,2.245067456267531
172,722.0,716.0499877929688,long,JSWSTEEL.NS,-0.8241014137162396
173,720.9500122070312,714.5499877929688,long,JSWSTEEL.NS,-0.8877209661832477
174,723.5,717.3499755859375,long,JSWSTEEL.NS,-0.8500379286886662
175,722.8499755859375,719.0,long,JSWSTEEL.NS,-0.5326105991518827
176,720.5499877929688,723.2000122070312,long,JSWSTEEL.NS,0.36777801109670066
177,725.0499877929688,718.2000122070312,long,JSWSTEEL.NS,-0.9447590788586355
178,713.4500122070312,715.7999877929688,short,JSWSTEEL.NS,-0.3283005903902285
179,715.1500244140625,716.8499755859375,short,JSWSTEEL.NS,-0.23714183298750857
180,725.4500122070312,726.25,long,JSWSTEEL.NS,0.11027469563822227
181,727.0499877929688,745.25,long,JSWSTEEL.NS,2.5032683464144143
182,743.7999877929688,744.0,long,JSWSTEEL.NS,0.02689059025461048
183,747.9500122070312,763.2999877929688,long,JSWSTEEL.NS,2.052272924047851
184,762.8499755859375,759.25,long,JSWSTEEL.NS,-0.47191134576263105
185,762.7000122070312,764.7000122070312,long,JSWSTEEL.NS,0.2622262971010822
186,714.75,700.6500244140625,long,JSWSTEEL.NS,-1.9727143177247288
187,704.2000122070312,703.9000244140625,long,JSWSTEEL.NS,-0.04259979945591865
188,706.25,706.0999755859375,long,JSWSTEEL.NS,-0.021242394911504425
189,708.8499755859375,713.7000122070312,long,JSWSTEEL.NS,0.6842120036873381
190,727.4000244140625,723.3499755859375,long,JSWSTEEL.NS,-0.5567842579311717
191,724.4500122070312,720.25,long,JSWSTEEL.NS,-0.579751830528092
192,712.25,711.8499755859375,short,JSWSTEEL.NS,0.05619504499290488
193,718.75,715.2000122070312,long,JSWSTEEL.NS,-0.4939113451086956
194,697.0,696.4000244140625,long,JSWSTEEL.NS,-0.08607971103837876
195,699.7000122070312,698.5499877929688,long,JSWSTEEL.NS,-0.16435963898800451
196,700.5999755859375,684.0,long,JSWSTEEL.NS,-2.369394256980145
197,686.0,683.4500122070312,long,JSWSTEEL.NS,-0.3717183371674563
198,683.4500122070312,698.7000122070312,long,JSWSTEEL.NS,2.2313263190608383
199,683.9000244140625,690.0499877929688,long,JSWSTEEL.NS,0.8992488900954911
200,706.7999877929688,701.0999755859375,long,JSWSTEEL.NS,-0.806453353915572
201,696.8499755859375,691.2000122070312,long,JSWSTEEL.NS,-0.810786191698658
202,698.0999755859375,692.4000244140625,long,JSWSTEEL.NS,-0.8164949679436458
203,694.5,702.2000122070312,long,JSWSTEEL.NS,1.1087130607676385
204,700.7000122070312,701.5499877929688,long,JSWSTEEL.NS,0.12130377781217497
205,694.5,693.4500122070312,long,JSWSTEEL.NS,-0.15118614729571633
206,702.5499877929688,704.5499877929688,long,JSWSTEEL.NS,0.2846772521173783
207,707.0,714.5,long,JSWSTEEL.NS,1.0608203677510608
208,715.25,706.5999755859375,long,JSWSTEEL.NS,-1.2093707674327159
209,707.6500244140625,710.2999877929688,short,JSWSTEEL.NS,-0.37307664711359045
210,711.9500122070312,729.1500244140625,long,JSWSTEEL.NS,2.415901666145288
211,729.4500122070312,726.0999755859375,long,JSWSTEEL.NS,-0.45925513263860884
212,726.8499755859375,720.7999877929688,long,JSWSTEEL.NS,-0.8323571570724285
213,723.5,721.2999877929688,long,JSWSTEEL.NS,-0.30407908873963374
214,703.5499877929688,706.9000244140625,long,JSWSTEEL.NS,0.4761618476610014
215,709.3499755859375,707.6500244140625,long,JSWSTEEL.NS,-0.23964914786538277
216,710.0999755859375,698.0,long,JSWSTEEL.NS,-1.7039819746442368
217,711.5,708.7999877929688,long,JSWSTEEL.NS,-0.3794816875658819
218,418.70001220703125,427.3999938964844,long,WIPRO.NS,2.077855609221075
219,428.75,429.95001220703125,long,WIPRO.NS,0.2798862290451895
220,430.45001220703125,450.70001220703125,long,WIPRO.NS,4.704379004700891
221,469.8500061035156,469.6000061035156,long,WIPRO.NS,-0.053208470097352925
222,477.54998779296875,471.20001220703125,long,WIPRO.NS,-1.329698617580196
223,468.8500061035156,463.8999938964844,long,WIPRO.NS,-1.0557773579165435
224,472.54998779296875,470.25,long,WIPRO.NS,-0.4867184112543897
225,475.0,485.20001220703125,long,WIPRO.NS,2.1473709909539473
226,481.8999938964844,478.45001220703125,long,WIPRO.NS,-0.7159123745899457
227,479.54998779296875,478.6000061035156,long,WIPRO.NS,-0.19809857442082784
228,480.0,478.70001220703125,long,WIPRO.NS,-0.27083079020182294
229,479.6000061035156,482.29998779296875,long,WIPRO.NS,0.5629653159075164
230,483.70001220703125,483.8500061035156,long,WIPRO.NS,0.031009694583215196
231,483.8500061035156,484.3500061035156,long,WIPRO.NS,0.10333781000160393
232,483.79998779296875,489.8999938964844,long,WIPRO.NS,1.2608528849583156
233,490.0,489.3999938964844,long,WIPRO.NS,-0.1224502252072704
234,489.8500061035156,488.95001220703125,long,WIPRO.NS,-0.18372846489139114
235,490.25,490.1000061035156,long,WIPRO.NS,-0.0305953893899796
236,507.20001220703125,502.5,long,WIPRO.NS,-0.9266585358662762
237,499.75,498.5,long,WIPRO.NS,-0.25012506253126565
238,499.95001220703125,497.95001220703125,long,WIPRO.NS,-0.4000399942328219
239,492.54998779296875,488.3999938964844,long,WIPRO.NS,-0.8425528371404046
240,483.5,489.6000061035156,long,WIPRO.NS,1.2616351816991986
241,489.3999938964844,490.3500061035156,long,WIPRO.NS,0.19411773986090244
242,491.79998779296875,490.3999938964844,long,WIPRO.NS,-0.28466733046641013
243,492.0,503.29998779296875,long,WIPRO.NS,2.2967454863757624
244,514.2000122070312,508.8500061035156,long,WIPRO.NS,-1.0404523486011827
245,513.5999755859375,511.5,long,WIPRO.NS,-0.40887377059193886
246,512.5499877929688,515.75,long,WIPRO.NS,0.624331730220197
247,516.4000244140625,515.6500244140625,long,WIPRO.NS,-0.14523624410184596
248,516.9500122070312,527.5,long,WIPRO.NS,2.0408139169834523
249,519.6500244140625,518.0999755859375,short,WIPRO.NS,0.2991794829505628
250,519.9500122070312,516.7999877929688,long,WIPRO.NS,-0.6058321646520586
251,511.54998779296875,511.5,short,WIPRO.NS,0.009772784549120233
252,501.25,499.70001220703125,long,WIPRO.NS,-0.3092244973503741
253,501.1499938964844,500.6499938964844,long,WIPRO.NS,-0.0997705290011992
254,500.95001220703125,511.20001220703125,long,WIPRO.NS,2.0461123366065332
255,509.1499938964844,512.4500122070312,long,WIPRO.NS,0.6481426593550749
256,513.0999755859375,513.5,long,WIPRO.NS,0.07796227501388785
257,512.4000244140625,510.3999938964844,long,WIPRO.NS,-0.39032599966504516
258,515.25,511.1000061035156,long,WIPRO.NS,-0.8054330706422853
259,513.9500122070312,509.0,long,WIPRO.NS,-0.9631310612825257
260,508.3999938964844,508.1499938964844,long,WIPRO.NS,-0.04917387942591177
261,511.45001220703125,513.0499877929688,long,WIPRO.NS,0.3128312733894005
262,513.2999877929688,513.1500244140625,long,WIPRO.NS,-0.029215543049405896
263,517.0,516.5,long,WIPRO.NS,-0.09671179883945842
264,515.4500122070312,513.9000244140625,long,WIPRO.NS,-0.3007057437698139
265,514.0499877929688,514.8499755859375,short,WIPRO.NS,-0.15538269999106138
266,521.4500122070312,516.8499755859375,long,WIPRO.NS,-0.8821625301386314
267,519.75,522.0,long,WIPRO.NS,0.4329004329004329
268,526.25,526.5,long,WIPRO.NS,0.047505938242280284
269,528.2000122070312,539.0,long,WIPRO.NS,2.044677687121224
270,537.9000244140625,537.5999755859375,long,WIPRO.NS,-0.055781523425630045
271,537.9000244140625,537.4000244140625,long,WIPRO.NS,-0.09295407646516707
272,537.0,533.4000244140625,long,WIPRO.NS,-0.6703865150721602
273,532.4000244140625,532.0999755859375,short,WIPRO.NS,0.056389558709261815
274,536.7000122070312,539.5999755859375,long,WIPRO.NS,0.5403322736999666
275,539.5,542.9500122070312,long,WIPRO.NS,0.6394832635831789
276,543.7000122070312,541.8499755859375,long,WIPRO.NS,-0.34026790133476936
277,540.5499877929688,540.25,short,WIPRO.NS,0.05552758777764924
278,535.4000244140625,536.5,short,WIPRO.NS,-0.2050280682082945
279,537.5499877929688,543.4000244140625,long,WIPRO.NS,1.0882776958311131
280,543.0499877929688,541.5999755859375,long,WIPRO.NS,-0.2670126580656604
281,543.0,543.0,long,WIPRO.NS,0.0
282,545.7000122070312,550.0,long,WIPRO.NS,0.7879764883232937
283,549.7000122070312,548.7999877929688,long,WIPRO.NS,-0.16373010625357737
284,553.5,551.5,long,WIPRO.NS,-0.36133694670280037
285,552.7000122070312,551.5,long,WIPRO.NS,-0.21711817993985272
286,551.2999877929688,549.4500122070312,long,WIPRO.NS,-0.33556604877564894
287,547.8499755859375,548.3499755859375,short,WIPRO.NS,-0.09118264288527171
288,550.25,553.5,long,WIPRO.NS,0.5906406179009541
289,554.0499877929688,554.25,long,WIPRO.NS,0.03610002913780198
290,1000.0499877929688,989.0,long,TECHM.NS,-1.104943545607675
291,991.5,990.0999755859375,long,TECHM.NS,-0.14120266405068077
292,993.4500122070312,1005.0999755859375,long,TECHM.NS,1.1726773602855864
293,1006.9000244140625,1004.8499755859375,long,TECHM.NS,-0.20360003758247686
294,1008.3499755859375,988.6500244140625,long,TECHM.NS,-1.9536819208457505
295,998.0,993.5999755859375,short,TECHM.NS,0.442836606499286
296,982.5999755859375,981.5499877929688,short,TECHM.NS,0.10697242178461688
297,985.0,965.75,long,TECHM.NS,-1.954314720812183
298,970.0999755859375,970.7999877929688,short,TECHM.NS,-0.0721067383429483
299,968.0499877929688,965.7000122070312,long,TECHM.NS,-0.24275353706631891
300,944.9500122070312,964.6500244140625,long,TECHM.NS,2.0847676546423632
301,954.5499877929688,977.3499755859375,long,TECHM.NS,2.3885588061956806
302,975.25,971.8499755859375,long,TECHM.NS,-0.3486310601448347
303,971.7000122070312,976.8499755859375,long,TECHM.NS,0.5299951954522559
304,975.7000122070312,976.9000244140625,long,TECHM.NS,0.12298987311856491
305,969.4000244140625,970.0,short,TECHM.NS,-0.061853153189432984
306,963.0,960.0,long,TECHM.NS,-0.3115264797507788
307,964.4500122070312,960.9500122070312,long,TECHM.NS,-0.3629011307688885
308,961.7999877929688,961.9500122070312,long,TECHM.NS,0.015598296523870755
309,962.9500122070312,960.5499877929688,long,TECHM.NS,-0.2492366564866404
310,957.5999755859375,959.4500122070312,short,TECHM.NS,-0.1928226168696475
311,962.0,959.8499755859375,long,TECHM.NS,-0.22349526133705824
312,959.8499755859375,962.0,long,TECHM.NS,0.22399588151784078
313,961.5,962.2999877929688,long,TECHM.NS,0.08320205855109204
314,967.3499755859375,973.4500122070312,long,TECHM.NS,0.6305925233934979
315,975.5999755859375,977.7000122070312,long,TECHM.NS,0.21525591160787852
316,986.9000244140625,978.2999877929688,long,TECHM.NS,-0.8714192327839612
317,976.5,976.5,short,TECHM.NS,0.0
318,979.5999755859375,982.25,long,TECHM.NS,0.2705210780020095
319,979.4000244140625,979.0,short,TECHM.NS,0.04086051216164453
320,972.2999877929688,972.8499755859375,short,TECHM.NS,-0.05653366981250094
321,976.25,965.9500122070312,long,TECHM.NS,-1.055056368037772
322,964.2999877929688,963.1500244140625,short,TECHM.NS,0.11939608054371761
323,951.5999755859375,948.4500122070312,long,TECHM.NS,-0.3310175977008295
324,947.0999755859375,945.6500244140625,short,TECHM.NS,0.15332851842026962
325,952.0499877929688,952.9000244140625,long,TECHM.NS,0.0892848728525584
326,953.4000244140625,953.7000122070312,long,TECHM.NS,0.031465049851778164
327,962.3499755859375,975.5999755859375,long,TECHM.NS,1.3768379837005338
328,976.0499877929688,975.9500122070312,long,TECHM.NS,-0.010242875589145129
329,973.7000122070312,980.5,long,TECHM.NS,0.6983657910772332
330,982.75,981.3499755859375,long,TECHM.NS,-0.1424598742368354
331,983.0,980.8499755859375,long,TECHM.NS,-0.21872069319048829
332,970.0,969.25,short,TECHM.NS,0.07737941707505804
333,974.5,976.75,long,TECHM.NS,0.23088763468445359
334,981.5,981.5,long,TECHM.NS,0.0
335,982.5499877929688,981.9000244140625,long,TECHM.NS,-0.06615066785214825
336,983.9500122070312,987.0999755859375,long,TECHM.NS,0.32013449258878324
337,988.8499755859375,990.5,long,TECHM.NS,0.16686296756844105
338,992.0,995.1500244140625,long,TECHM.NS,0.31754278367565525
339,1007.1500244140625,1005.7000122070312,long,TECHM.NS,-0.14397181868459316
340,1009.4500122070312,1031.5,long,TECHM.NS,2.1843565829237366
341,1020.9500122070312,1019.9500122070312,long,TECHM.NS,-0.09794798844639388
342,1019.9000244140625,1018.0499877929688,long,TECHM.NS,-0.18139391869870825
343,1021.4500122070312,1025.5999755859375,long,TECHM.NS,0.4062815927662959
344,1027.300048828125,1018.4000244140625,long,TECHM.NS,-0.8663510163573973
345,1026.300048828125,1018.0,long,TECHM.NS,-0.8087351099322624
346,1017.8499755859375,1016.7000122070312,short,TECHM.NS,0.11310744222476535
347,1024.050048828125,1019.0,long,TECHM.NS,-0.49314472802418585
348,1017.3499755859375,1016.5,short,TECHM.NS,0.08361786384038367
349,1025.800048828125,1009.25,long,TECHM.NS,-1.6133796100937792
350,996.0,1001.5,short,TECHM.NS,-0.5491762356465303
351,1016.0499877929688,1015.2000122070312,long,TECHM.NS,-0.08365489849409768
352,1018.25,1013.2000122070312,long,TECHM.NS,-0.4959477331665848
353,1014.9500122070312,1015.5,long,TECHM.NS,0.054188658195371546
354,1019.7999877929688,1020.3499755859375,long,TECHM.NS,0.05393094720063911
355,1022.2000122070312,1018.4500122070312,long,TECHM.NS,-0.366855796832107
356,1022.25,1022.25,long,TECHM.NS,0.0
357,1023.5499877929688,1021.5499877929688,long,TECHM.NS,-0.19539837075397784
358,1055.5,1053.0,long,TECHM.NS,-0.23685457129322599
359,1055.949951171875,1057.800048828125,long,TECHM.NS,0.1752069455750998
360,1057.800048828125,1049.550048828125,long,TECHM.NS,-0.7799205539023839
361,1052.449951171875,1052.1500244140625,short,TECHM.NS,0.02850608286394593
362,1051.3499755859375,1051.800048828125,short,TECHM.NS,-0.042790760723861364
363,1070.449951171875,1070.0,long,TECHM.NS,-0.042033835527052525
364,664.2999877929688,662.7000122070312,long,TATACONSUM.NS,-0.2408513646452358
365,664.5499877929688,660.2000122070312,long,TATACONSUM.NS,-0.6545746243084236
366,657.4500122070312,656.1500244140625,short,TATACONSUM.NS,0.19812356086241564
367,659.5499877929688,671.6500244140625,long,TATACONSUM.NS,1.834589772578682
368,672.0,672.6500244140625,long,TATACONSUM.NS,0.09672982352120536
369,676.0999755859375,692.0499877929688,long,TATACONSUM.NS,2.359120364293503
370,684.5999755859375,683.4000244140625,long,TATACONSUM.NS,-0.17527771175393078
371,669.9000244140625,673.4500122070312,short,TATACONSUM.NS,-0.5271345650933653
372,671.3499755859375,669.1500244140625,long,TATACONSUM.NS,-0.3276906608888959
373,671.0,669.4500122070312,long,TATACONSUM.NS,-0.2309966904573398
374,669.6500244140625,669.0,long,TATACONSUM.NS,-0.09706927355543148
375,667.6500244140625,669.9000244140625,long,TATACONSUM.NS,0.33700290836874097
376,672.7000122070312,670.7000122070312,long,TATACONSUM.NS,-0.29730934498399814
377,671.6500244140625,673.6500244140625,long,TATACONSUM.NS,0.2977741274921817
378,684.0499877929688,680.9000244140625,long,TATACONSUM.NS,-0.46048730869352816
379,671.5499877929688,670.5999755859375,long,TATACONSUM.NS,-0.14146559813863446
380,672.0999755859375,669.8499755859375,long,TATACONSUM.NS,-0.3347716235279502
381,672.75,667.0,long,TATACONSUM.NS,-0.8547008547008548
382,666.8499755859375,669.5,short,TATACONSUM.NS,-0.39582142106982826
383,676.7000122070312,677.5,long,TATACONSUM.NS,0.1182189712631481
384,678.0,677.0999755859375,long,TATACONSUM.NS,-0.13274696372603245
385,683.5999755859375,675.9500122070312,long,TATACONSUM.NS,-1.1190701656109918
386,646.75,645.5999755859375,long,TATACONSUM.NS,-0.17781591249516815
387,647.5499877929688,643.4000244140625,long,TATACONSUM.NS,-0.6408715090939132
388,650.2999877929688,629.0999755859375,long,TATACONSUM.NS,-3.2600357688735717
389,622.5999755859375,618.0,short,TATACONSUM.NS,0.7443326190837379
390,632.25,629.3499755859375,long,TATACONSUM.NS,-0.4586831813463819
391,627.4500122070312,630.7000122070312,long,TATACONSUM.NS,0.5179695492503459
392,632.3499755859375,631.25,long,TATACONSUM.NS,-0.17395044333136236
393,633.7999877929688,646.75,long,TATACONSUM.NS,2.043233268609873
394,643.4000244140625,641.4500122070312,long,TATACONSUM.NS,-0.3030792870744923
395,643.8499755859375,642.75,long,TATACONSUM.NS,-0.1708434616210809
396,642.25,638.0999755859375,long,TATACONSUM.NS,-0.6461696246107435
397,635.1500244140625,641.2999877929688,short,TATACONSUM.NS,-0.9589838602790753
398,647.0,641.5499877929688,long,TATACONSUM.NS,-0.8423511911949382
399,646.4500122070312,645.2999877929688,long,TATACONSUM.NS,-0.17789842870235645
400,647.0,644.5,long,TATACONSUM.NS,-0.38639876352395675
401,647.7999877929688,647.4500122070312,long,TATACONSUM.NS,-0.05402525355547693
402,649.25,648.25,long,TATACONSUM.NS,-0.15402387370042356
403,649.7999877929688,651.3499755859375,long,TATACONSUM.NS,0.2385330597240005
404,652.4500122070312,654.0,long,TATACONSUM.NS,0.2375642216214593
405,655.4000244140625,654.4000244140625,long,TATACONSUM.NS,-0.15257857228400548
406,654.75,655.6500244140625,long,TATACONSUM.NS,0.137460773434517
407,657.0,651.2999877929688,long,TATACONSUM.NS,-0.8675817666714232
408,654.4000244140625,655.1500244140625,long,TATACONSUM.NS,0.11460879768021646
409,653.0,652.8499755859375,short,TATACONSUM.NS,0.022979921830869648
410,644.0999755859375,646.1500244140625,short,TATACONSUM.NS,-0.31727133802773
411,646.7999877929688,650.0499877929688,long,TATACONSUM.NS,0.5024737262425981
412,650.0499877929688,644.2999877929688,long,TATACONSUM.NS,-0.8845473591226786
413,640.75,640.4000244140625,short,TATACONSUM.NS,0.05464952726348068
414,645.9000244140625,646.5,long,TATACONSUM.NS,0.09288985342302417
415,646.8499755859375,646.7000122070312,long,TATACONSUM.NS,-0.02318364142634594
416,647.0,645.5499877929688,long,TATACONSUM.NS,-0.22411316955660743
417,647.7000122070312,648.2000122070312,long,TATACONSUM.NS,0.07719623136894116
418,645.8499755859375,642.0,long,TATACONSUM.NS,-0.5961098910694652
419,644.3499755859375,646.2999877929688,long,TATACONSUM.NS,0.3026324638653106
420,647.2999877929688,645.2999877929688,long,TATACONSUM.NS,-0.3089757512307688
421,649.0,654.4500122070312,long,TATACONSUM.NS,0.8397553477706087
422,655.75,655.2999877929688,long,TATACONSUM.NS,-0.06862557484273732
423,655.4000244140625,655.2000122070312,long,TATACONSUM.NS,-0.03051757698820105
424,656.75,653.5999755859375,long,TATACONSUM.NS,-0.47963828154739246
425,659.0,658.5499877929688,long,TATACONSUM.NS,-0.06828713308516693
426,663.6500244140625,658.3499755859375,long,TATACONSUM.NS,-0.7986210552473678
427,665.0,663.7000122070312,long,TATACONSUM.NS,-0.1954868861607143
428,661.2999877929688,662.5,short,TATACONSUM.NS,-0.18113391804245282
429,668.0999755859375,669.5999755859375,long,TATACONSUM.NS,0.22451729603559242
430,670.0,681.0999755859375,long,TATACONSUM.NS,1.6567127740205225
431,683.4500122070312,687.0,long,TATACONSUM.NS,0.5194217176915324
432,686.9500122070312,685.5499877929688,long,TATACONSUM.NS,-0.20380295351688035
433,690.0,704.0,long,TATACONSUM.NS,2.0289855072463765
434,711.2000122070312,705.1500244140625,long,TATACONSUM.NS,-0.850673184635378
435,711.25,711.4000244140625,long,TATACONSUM.NS,0.02109306348857645
436,712.5,709.5999755859375,long,TATACONSUM.NS,-0.40702097039473684
437,710.5499877929688,708.2000122070312,long,TATACONSUM.NS,-0.330726286159927
438,707.75,707.6500244140625,short,TATACONSUM.NS,0.014127829080523279
439,710.7999877929688,707.4000244140625,long,TATACONSUM.NS,-0.4783291273629764
440,896.0999755859375,896.4500122070312,long,CIPLA.NS,0.03906222861627351
441,891.5,911.7000122070312,long,CIPLA.NS,2.2658454522749576
442,913.5,911.75,long,CIPLA.NS,-0.19157088122605362
443,914.0,920.5,long,CIPLA.NS,0.7111597374179431
444,921.7999877929688,941.25,long,CIPLA.NS,2.110003521870258
445,940.6500244140625,946.0,long,CIPLA.NS,0.5687530374827808
446,947.5,948.0999755859375,long,CIPLA.NS,0.06332196157651715
447,947.5499877929688,951.9000244140625,long,CIPLA.NS,0.4590825473203631
448,951.2000122070312,952.75,long,CIPLA.NS,0.1629507751342828
449,948.25,948.9000244140625,short,CIPLA.NS,-0.06850293996608173
450,951.3499755859375,954.7000122070312,long,CIPLA.NS,0.35213504042300087
451,939.6500244140625,939.9500122070312,short,CIPLA.NS,-0.03191529220414281
452,926.1500244140625,925.1500244140625,short,CIPLA.NS,0.10809057705352634
453,933.5,919.5999755859375,long,CIPLA.NS,-1.4890224332150508
454,910.2000122070312,907.5499877929688,long,CIPLA.NS,-0.2911474817097381
455,907.0999755859375,916.1500244140625,long,CIPLA.NS,0.9976903397312031
456,914.8499755859375,910.4000244140625,long,CIPLA.NS,-0.48641321425678813
457,912.5999755859375,908.5999755859375,long,CIPLA.NS,-0.4383081423415323
458,911.6500244140625,911.9500122070312,long,CIPLA.NS,0.03290602588000354
459,912.5499877929688,904.6500244140625,long,CIPLA.NS,-0.8657019872426456
460,907.0499877929688,911.2000122070312,long,CIPLA.NS,0.45752984619517245
461,917.5,914.7999877929688,long,CIPLA.NS,-0.29427925962193463
462,877.1500244140625,877.5,short,CIPLA.NS,-0.039883257656695155
463,885.0,872.9500122070312,long,CIPLA.NS,-1.36158054157839
464,884.0,883.4000244140625,long,CIPLA.NS,-0.06787054139564479
465,885.0,887.8499755859375,long,CIPLA.NS,0.3220311396539548
466,888.6500244140625,910.5,long,CIPLA.NS,2.4587829838123767
467,902.2000122070312,889.9000244140625,long,CIPLA.NS,-1.3633327007920972
468,885.5,890.9500122070312,long,CIPLA.NS,0.6154728635834275
469,890.9000244140625,883.25,long,CIPLA.NS,-0.8586849483020114
470,883.5,901.2999877929688,long,CIPLA.NS,2.0147128231996323
471,900.6500244140625,898.4500122070312,long,CIPLA.NS,-0.24426937738246507
472,900.3499755859375,901.5,long,CIPLA.NS,0.12773082081932388
473,902.4000244140625,893.2999877929688,long,CIPLA.NS,-1.0084260167216303
474,893.2000122070312,891.0,long,CIPLA.NS,-0.24630678201573042
475,892.3499755859375,894.2000122070312,long,CIPLA.NS,0.20732186605137448
476,894.0,898.9500122070312,long,CIPLA.NS,0.5536926406075224
477,913.7000122070312,909.0,long,CIPLA.NS,-0.5143933615233766
478,911.0,911.25,long,CIPLA.NS,0.027442371020856202
479,913.0,911.0499877929688,long,CIPLA.NS,-0.21358293614800108
480,881.0,882.1500244140625,long,CIPLA.NS,0.1305362558527242
481,884.1500244140625,882.6500244140625,long,CIPLA.NS,-0.16965446571062068
482,881.1500244140625,900.4500122070312,long,CIPLA.NS,2.190318022836423
483,897.5499877929688,916.5999755859375,long,CIPLA.NS,2.1224431008919886
484,922.0999755859375,920.5,long,CIPLA.NS,-0.17351432906402742
485,925.2999877929688,925.7000122070312,long,CIPLA.NS,0.04323186202743185
486,927.25,924.9000244140625,long,CIPLA.NS,-0.2534349513008898
487,928.2000122070312,926.2000122070312,long,CIPLA.NS,-0.21547080087237794
488,935.1500244140625,934.9500122070312,long,CIPLA.NS,-0.021388248068171925
489,933.25,935.2999877929688,long,CIPLA.NS,0.21966116185038842
490,937.2999877929688,946.4000244140625,long,CIPLA.NS,0.9708777061356123
491,947.4500122070312,945.25,long,CIPLA.NS,-0.23220351244773813
492,946.25,942.5999755859375,long,CIPLA.NS,-0.38573573728533683
493,940.5999755859375,941.1500244140625,short,CIPLA.NS,-0.058444330219026154
494,940.8499755859375,933.2000122070312,long,CIPLA.NS,-0.8130906709267912
495,934.7999877929688,938.9500122070312,short,CIPLA.NS,-0.4419856605899326
496,942.7999877929688,940.0999755859375,long,CIPLA.NS,-0.28638229125901843
497,941.0499877929688,938.0,long,CIPLA.NS,-0.32410475878352046
498,938.2999877929688,928.0999755859375,long,CIPLA.NS,-1.0870736800309788
499,935.6500244140625,936.3499755859375,long,CIPLA.NS,0.07480907963566126
500,938.5,948.2000122070312,long,CIPLA.NS,1.033565498884523
501,949.5,947.25,long,CIPLA.NS,-0.23696682464454977
502,949.4000244140625,947.5,long,CIPLA.NS,-0.2001289619973552
503,955.4500122070312,951.25,long,CIPLA.NS,-0.43958471436192437
504,953.5499877929688,955.0999755859375,long,CIPLA.NS,0.16254919121296005
505,955.5,950.3499755859375,long,CIPLA.NS,-0.5389873798076923
506,938.3499755859375,939.75,short,CIPLA.NS,-0.14897838936552274
507,947.0,946.4000244140625,long,CIPLA.NS,-0.06335539450237593
508,941.2000122070312,938.6500244140625,long,CIPLA.NS,-0.27092942625332667
509,943.1500244140625,962.9500122070312,long,CIPLA.NS,2.099346581183583
510,959.9000244140625,952.4500122070312,long,CIPLA.NS,-0.7761237647200655
511,959.0,971.2000122070312,long,CIPLA.NS,1.2721597713275548
512,974.9500122070312,972.8499755859375,long,CIPLA.NS,-0.21539941482126018
513,971.7999877929688,973.0,long,CIPLA.NS,0.1234834556601064
514,207.60000610351562,207.6999969482422,long,ITC.NS,0.04816514536936191
515,207.0500030517578,208.5,long,ITC.NS,0.7003124495872242
516,208.75,204.5,long,ITC.NS,-2.035928143712575
517,203.75,203.85000610351562,long,ITC.NS,0.049082750191717796
518,204.14999389648438,206.39999389648438,long,ITC.NS,1.1021308191372652
519,206.35000610351562,206.35000610351562,long,ITC.NS,0.0
520,206.5,204.5500030517578,long,ITC.NS,-0.9443084495119553
521,205.8000030517578,205.4499969482422,long,ITC.NS,-0.17007099043997584
522,205.35000610351562,205.39999389648438,short,ITC.NS,-0.024336803531718892
523,206.25,205.8000030517578,long,ITC.NS,-0.21818033854166669
524,206.14999389648438,206.0,long,ITC.NS,-0.07275959297854384
525,206.1999969482422,205.6999969482422,long,ITC.NS,-0.2424830297769131
526,205.6999969482422,205.75,short,ITC.NS,-0.02430281980938639
527,207.39999389648438,206.0500030517578,long,ITC.NS,-0.6509117089947254
528,205.0500030517578,204.75,long,ITC.NS,-0.14630726520013124
529,204.39999389648438,204.39999389648438,short,ITC.NS,0.0
530,201.4499969482422,201.4499969482422,long,ITC.NS,0.0
531,200.6999969482422,200.5500030517578,long,ITC.NS,-0.07473537556807058
532,200.4499969482422,205.60000610351562,long,ITC.NS,2.5692238631478808
533,202.60000610351562,206.0,long,ITC.NS,1.6781805498797449
534,205.8000030517578,205.89999389648438,long,ITC.NS,0.048586415570370634
535,206.14999389648438,205.0,long,ITC.NS,-0.5578432842747645
536,204.89999389648438,205.10000610351562,short,ITC.NS,-0.09751935693766008
537,204.5,203.4499969482422,long,ITC.NS,-0.513448925064945
538,203.6999969482422,204.14999389648438,long,ITC.NS,0.22091161265776874
539,205.5500030517578,210.0,long,ITC.NS,2.164921859486264
540,210.64999389648438,211.5,long,ITC.NS,0.4035158453094126
541,213.0,213.3000030517578,long,ITC.NS,0.14084650317268194
542,213.75,213.5,long,ITC.NS,-0.11695906432748539
543,212.9499969482422,213.14999389648438,long,ITC.NS,0.093917328531729
544,213.25,211.39999389648438,long,ITC.NS,-0.8675292396321804
545,208.64999389648438,207.8000030517578,long,ITC.NS,-0.4073764052675989
546,208.14999389648438,209.0500030517578,long,ITC.NS,0.43238490591598255
547,209.39999389648438,209.0500030517578,long,ITC.NS,-0.1671398543113513
548,209.14999389648438,212.14999389648438,long,ITC.NS,1.4343772830731252
549,212.39999389648438,210.5,long,ITC.NS,-0.8945357585134203
550,211.3000030517578,211.5500030517578,long,ITC.NS,0.11831518996181115
551,211.64999389648438,211.60000610351562,long,ITC.NS,-0.023618140519861518
552,211.0500030517578,212.14999389648438,long,ITC.NS,0.5211991607774585
553,212.1999969482422,212.5,long,ITC.NS,0.14137750050533054
554,212.6999969482422,212.75,long,ITC.NS,0.023508722367297494
555,213.0,217.35000610351562,long,ITC.NS,2.042256386627054
556,216.39999389648438,216.8000030517578,long,ITC.NS,0.1848471194804114
557,217.60000610351562,217.3000030517578,long,ITC.NS,-0.13786904565393096
558,217.5,216.39999389648438,long,ITC.NS,-0.5057499326508621
559,209.85000610351562,209.8000030517578,long,ITC.NS,-0.023827996332364557
560,210.0,208.3000030517578,long,ITC.NS,-0.8095223563058036
561,209.0,208.25,long,ITC.NS,-0.3588516746411483
562,208.39999389648438,211.85000610351562,long,ITC.NS,1.6554761555055162
563,211.9499969482422,211.1999969482422,long,ITC.NS,-0.35385704685013447
564,211.64999389648438,211.35000610351562,long,ITC.NS,-0.14173768089758162
565,211.64999389648438,211.8000030517578,long,ITC.NS,0.07087604989339394
566,212.39999389648438,213.60000610351562,long,ITC.NS,0.5649775148374486
567,214.25,213.9499969482422,long,ITC.NS,-0.14002476161391483
568,214.35000610351562,214.0,long,ITC.NS,-0.1632871908324543
569,208.10000610351562,208.0,short,ITC.NS,0.04807985745943509
570,209.3000030517578,209.25,short,ITC.NS,0.023896321031212666
571,2429.699951171875,2437.0,short,HINDUNILVR.NS,-0.2995506289751744
572,2443.0,2450.0,long,HINDUNILVR.NS,0.28653295128939826
573,2450.14990234375,2461.300048828125,long,HINDUNILVR.NS,0.45508017585818145
574,2436.89990234375,2428.050048828125,long,HINDUNILVR.NS,-0.3631603213210945
575,2428.050048828125,2430.0,short,HINDUNILVR.NS,-0.08024490419238683
576,2435.0,2418.800048828125,long,HINDUNILVR.NS,-0.6652957360112937
577,2445.699951171875,2424.89990234375,long,HINDUNILVR.NS,-0.8504742708997686
578,2326.89990234375,2343.14990234375,long,HINDUNILVR.NS,0.6983540625719364
579,2347.25,2335.14990234375,long,HINDUNILVR.NS,-0.5155010184790713
580,2338.5,2377.35009765625,long,HINDUNILVR.NS,1.6613255358670087
581,2377.0,2436.800048828125,long,HINDUNILVR.NS,2.5157782426640725
582,2428.64990234375,2408.14990234375,long,HINDUNILVR.NS,-0.8440903721947174
583,2355.75,2345.699951171875,long,HINDUNILVR.NS,-0.4266178001963281
584,2343.550048828125,2343.25,short,HINDUNILVR.NS,0.012804815027205802
585,2356.60009765625,2404.39990234375,long,HINDUNILVR.NS,2.0283375501443444
586,2405.35009765625,2405.949951171875,long,HINDUNILVR.NS,0.02493830383400285
587,2408.300048828125,2404.25,long,HINDUNILVR.NS,-0.16817044163976774
588,2392.0,2398.14990234375,long,HINDUNILVR.NS,0.2571029407922241
589,2404.949951171875,2403.64990234375,long,HINDUNILVR.NS,-0.054057209277536815
590,2385.800048828125,2387.300048828125,long,HINDUNILVR.NS,0.06287199133627233
591,2390.300048828125,2392.0,long,HINDUNILVR.NS,0.07111873560427791
592,2389.25,2387.949951171875,long,HINDUNILVR.NS,-0.054412423485403365
593,2387.699951171875,2386.64990234375,long,HINDUNILVR.NS,-0.04397741967576955
594,2388.60009765625,2406.25,long,HINDUNILVR.NS,0.7389224492232289
595,2406.199951171875,2408.550048828125,long,HINDUNILVR.NS,0.09766842755962356
596,2412.800048828125,2437.199951171875,long,HINDUNILVR.NS,1.0112691416597412
597,2439.550048828125,2437.199951171875,long,HINDUNILVR.NS,-0.0963332421640173
598,2364.39990234375,2361.75,short,HINDUNILVR.NS,0.11220079787234044
599,2336.0,2385.14990234375,long,HINDUNILVR.NS,2.104019792112586
600,2379.949951171875,2373.050048828125,long,HINDUNILVR.NS,-0.28991795984417756
601,2377.39990234375,2389.5,long,HINDUNILVR.NS,0.508963495973949
602,2389.300048828125,2359.0,long,HINDUNILVR.NS,-1.2681558702929001
603,2369.0,2361.60009765625,long,HINDUNILVR.NS,-0.31236396554453355
604,2358.449951171875,2346.89990234375,long,HINDUNILVR.NS,-0.4897305038161175
605,2349.60009765625,2354.60009765625,long,HINDUNILVR.NS,0.21280217024963313
606,2358.0,2358.550048828125,long,HINDUNILVR.NS,0.02332692231234097
607,2361.75,2347.550048828125,long,HINDUNILVR.NS,-0.6012470063247591
608,2356.89990234375,2356.949951171875,long,HINDUNILVR.NS,0.0021235024905058722
609,2361.5,2360.0,long,HINDUNILVR.NS,-0.06351894982002965
610,2351.25,2350.5,short,HINDUNILVR.NS,0.031908104658583285
611,2354.0,2358.0,long,HINDUNILVR.NS,0.16992353440951571
612,2333.300048828125,2334.5,short,HINDUNILVR.NS,-0.05140077840544014
613,2341.0,2335.0,long,HINDUNILVR.NS,-0.25630072618539085
614,2328.300048828125,2328.64990234375,long,HINDUNILVR.NS,0.01502613530421423
615,2344.39990234375,2335.10009765625,long,HINDUNILVR.NS,-0.396681670145216
616,2344.0,2354.60009765625,long,HINDUNILVR.NS,0.4522225962563993
617,2355.550048828125,2361.89990234375,long,HINDUNILVR.NS,0.2695698832119497
618,2354.699951171875,2350.89990234375,long,HINDUNILVR.NS,-0.1613814459134724
619,2354.89990234375,2354.550048828125,long,HINDUNILVR.NS,-0.014856407071774174
620,2339.60009765625,2338.35009765625,long,HINDUNILVR.NS,-0.0534279341692718
621,2341.64990234375,2336.10009765625,long,HINDUNILVR.NS,-0.23700403215464524
622,2336.75,2345.0,long,HINDUNILVR.NS,0.3530544559751792
623,2347.10009765625,2346.0,long,HINDUNILVR.NS,-0.046870504472669376
624,2346.5,2358.64990234375,long,HINDUNILVR.NS,0.5177882950671213
625,2360.39990234375,2356.64990234375,long,HINDUNILVR.NS,-0.1588713843055345
626,2353.10009765625,2388.300048828125,long,HINDUNILVR.NS,1.4958968896790699
627,2394.949951171875,2391.949951171875,long,HINDUNILVR.NS,-0.1252635779938561
628,30376.599609375,30280.0,long,SHREECEM.NS,-0.31800665847136783
629,30360.0,30343.5,long,SHREECEM.NS,-0.05434782608695652
630,30133.900390625,30231.5,short,SHREECEM.NS,-0.3228407765906422
631,29934.0,29820.0,long,SHREECEM.NS,-0.38083784325516135
632,30765.400390625,30612.05078125,long,SHREECEM.NS,-0.4984482809517718
633,30153.400390625,30009.19921875,short,SHREECEM.NS,0.4805232249746334
634,30267.5,29830.0,long,SHREECEM.NS,-1.4454447840092508
635,28528.30078125,28432.150390625,long,SHREECEM.NS,-0.3370351124739756
636,28516.5,28375.0,long,SHREECEM.NS,-0.49620395209790824
637,28101.099609375,28115.0,long,SHREECEM.NS,0.04946564660538264
638,28402.0,29030.0,long,SHREECEM.NS,2.2111118935286247
639,28752.5,28520.0,long,SHREECEM.NS,-0.8086253369272237
640,28182.099609375,28232.5,short,SHREECEM.NS,-0.17851904941113964
641,28241.400390625,28115.0,long,SHREECEM.NS,-0.4475712566539718
642,28087.75,28100.0,short,SHREECEM.NS,-0.04359430604982206
643,28076.900390625,27505.05078125,long,SHREECEM.NS,-2.0367262818154352
644,27830.69921875,27812.5,long,SHREECEM.NS,-0.06539260335126215
645,27850.0,27687.94921875,long,SHREECEM.NS,-0.5818699506283662
646,28000.0,27818.69921875,long,SHREECEM.NS,-0.6475027901785714
647,27778.30078125,27895.0,long,SHREECEM.NS,0.4201092776300071
648,27915.5,27963.900390625,long,SHREECEM.NS,0.1733817793877953
649,27831.099609375,27872.849609375,short,SHREECEM.NS,-0.14978733995664884
650,27701.25,27745.44921875,short,SHREECEM.NS,-0.15930258833268687
651,27665.19921875,27565.400390625,long,SHREECEM.NS,-0.3607377895090727
652,27733.0,27784.94921875,long,SHREECEM.NS,0.18731914596329283
653,27858.19921875,27807.55078125,long,SHREECEM.NS,-0.1818080095640604
654,27859.55078125,27805.0,long,SHREECEM.NS,-0.19580639213577591
655,27924.099609375,27833.400390625,long,SHREECEM.NS,-0.3248062427035227
656,27735.0,27680.0,short,SHREECEM.NS,0.1986994219653179
657,27405.05078125,27270.05078125,long,SHREECEM.NS,-0.492609924636098
658,27482.150390625,27515.0,long,SHREECEM.NS,0.11953070959907855
659,27513.0,27259.150390625,long,SHREECEM.NS,-0.9226533252462473
660,27151.0,27157.55078125,short,SHREECEM.NS,-0.024121399248281116
661,26973.900390625,26616.05078125,long,SHREECEM.NS,-1.326651334040566
662,26687.900390625,26677.5,short,SHREECEM.NS,0.03898562693280854
663,26837.5,27177.25,long,SHREECEM.NS,1.2659524918490916
664,27308.30078125,27332.349609375,long,SHREECEM.NS,0.08806416890468714
665,27417.0,27534.94921875,long,SHREECEM.NS,0.4302046859612649
666,27708.400390625,27988.0,long,SHREECEM.NS,1.0090788549078464
667,27639.849609375,27585.0,long,SHREECEM.NS,-0.1984439501305965
668,27559.94921875,27567.5,long,SHREECEM.NS,0.027397660242650005
669,27800.0,27915.900390625,long,SHREECEM.NS,0.41690787994604317
670,27014.849609375,26980.849609375,long,SHREECEM.NS,-0.1258567065581625
671,26872.5,26865.0,short,SHREECEM.NS,0.02791736460078169
672,27062.69921875,27015.099609375,long,SHREECEM.NS,-0.1758864073027176
673,27030.0,27019.94921875,long,SHREECEM.NS,-0.037183800406955236
674,27003.69921875,26978.0,long,SHREECEM.NS,-0.09516925270799849
675,26968.900390625,27144.599609375,long,SHREECEM.NS,0.6514882557506015
676,27164.849609375,27130.0,long,SHREECEM.NS,-0.12828935140864123
677,27250.05078125,27800.0,long,SHREECEM.NS,2.0181585097390156
678,27984.25,27957.80078125,long,SHREECEM.NS,-0.09451466003198228
679,27860.0,28443.55078125,long,SHREECEM.NS,2.0945828472720747
680,27850.0,27796.0,long,SHREECEM.NS,-0.19389587073608616
681,27765.650390625,27615.0,long,SHREECEM.NS,-0.5425782883006649
682,27681.80078125,27944.30078125,long,SHREECEM.NS,0.9482764581479173
683,27917.5,28052.5,long,SHREECEM.NS,0.4835676546968747
684,28024.0,28033.900390625,short,SHREECEM.NS,-0.03531578013422226
685,28125.0,28230.0,long,SHREECEM.NS,0.37333333333333335
686,28191.349609375,28220.0,long,SHREECEM.NS,0.10162830450469937
687,28314.0,29044.80078125,long,SHREECEM.NS,2.5810580675637493
688,28973.400390625,28900.05078125,long,SHREECEM.NS,-0.25316189465539546
689,28813.0,28802.0,long,SHREECEM.NS,-0.03817721167528546
690,28751.599609375,28709.94921875,short,SHREECEM.NS,0.1450730208808548
691,28400.0,28360.150390625,short,SHREECEM.NS,0.14051268708424433
692,28824.94921875,28867.0,long,SHREECEM.NS,0.1458832795536961
693,333.45001220703125,333.8500061035156,long,SBIN.NS,0.1199561798894247
694,338.5,346.1499938964844,long,SBIN.NS,2.259968654795975
695,341.29998779296875,339.25,long,SBIN.NS,-0.6006410390533811
696,342.29998779296875,341.45001220703125,long,SBIN.NS,-0.248313063467471
697,343.29998779296875,342.75,long,SBIN.NS,-0.16020617900529227
698,342.1000061035156,339.8500061035156,long,SBIN.NS,-0.6577024144568928
699,339.6499938964844,340.3999938964844,short,SBIN.NS,-0.22032902862744322
700,326.04998779296875,334.5,long,SBIN.NS,2.59163089200811
701,330.25,329.3500061035156,short,SBIN.NS,0.27326366473529207
702,333.3500061035156,332.79998779296875,long,SBIN.NS,-0.16499724028085874
703,337.0,336.25,long,SBIN.NS,-0.22255192878338279
704,336.70001220703125,345.1000061035156,long,SBIN.NS,2.494800591607748
705,345.8999938964844,345.8999938964844,long,SBIN.NS,0.0
706,346.29998779296875,345.1000061035156,long,SBIN.NS,-0.3465150828045999
707,343.5,343.3500061035156,short,SBIN.NS,0.043685421237229786
708,349.8500061035156,349.25,long,SBIN.NS,-0.17150381393393252
709,349.70001220703125,357.79998779296875,long,SBIN.NS,2.3162640272205968
710,361.3500061035156,363.0,long,SBIN.NS,0.45661930776658205
711,363.3999938964844,362.3999938964844,long,SBIN.NS,-0.27517887088486115
712,361.20001220703125,356.95001220703125,long,SBIN.NS,-1.1766334043100755
713,356.29998779296875,356.79998779296875,short,SBIN.NS,-0.1401345339423392
714,359.6000061035156,357.54998779296875,long,SBIN.NS,-0.5700829465383129
715,354.3500061035156,351.8500061035156,short,SBIN.NS,0.7105300430958328
716,358.0,359.1000061035156,long,SBIN.NS,0.3072642747250349
717,358.1000061035156,358.54998779296875,short,SBIN.NS,-0.12550040573783258
718,347.0,347.20001220703125,short,SBIN.NS,-0.05760720046057633
719,360.25,357.1000061035156,long,SBIN.NS,-0.874391088545281
720,355.54998779296875,353.45001220703125,long,SBIN.NS,-0.5906273823753534
721,354.45001220703125,353.6499938964844,long,SBIN.NS,-0.2257069496388086
722,353.6000061035156,353.6000061035156,short,SBIN.NS,0.0
723,354.3999938964844,354.5,long,SBIN.NS,0.02821842698587503
724,354.75,357.8500061035156,long,SBIN.NS,0.8738565478550034
725,357.0,354.6499938964844,long,SBIN.NS,-0.6582650149903712
726,354.3999938964844,353.3999938964844,short,SBIN.NS,0.2829654830987104
727,364.75,363.6499938964844,long,SBIN.NS,-0.3015780955491775
728,364.0,363.8500061035156,long,SBIN.NS,-0.041207114418784344
729,364.8500061035156,366.79998779296875,long,SBIN.NS,0.5344611914025498
730,366.75,366.6499938964844,long,SBIN.NS,-0.027268194550954326
731,371.1499938964844,367.29998779296875,long,SBIN.NS,-1.0373181104212577
732,370.1499938964844,368.5,long,SBIN.NS,-0.44576358873203437
733,362.3500061035156,361.75,short,SBIN.NS,0.1658620880485487
734,368.54998779296875,376.3500061035156,long,SBIN.NS,2.116407154767971
735,378.95001220703125,388.54998779296875,long,SBIN.NS,2.5333092167029037
736,385.79998779296875,385.8500061035156,long,SBIN.NS,0.012964829478873972
737,384.75,380.6499938964844,long,SBIN.NS,-1.0656286168981481
738,386.20001220703125,385.3999938964844,long,SBIN.NS,-0.2071512908492626
739,386.5,383.95001220703125,long,SBIN.NS,-0.6597639826568564
740,383.5,383.95001220703125,long,SBIN.NS,0.11734346989080835
741,391.8500061035156,390.1499938964844,long,SBIN.NS,-0.4338425878656628
742,391.29998779296875,389.8999938964844,long,SBIN.NS,-0.3577802044872774
743,390.1000061035156,379.5,long,SBIN.NS,-2.7172535087586858
744,412.3999938964844,410.0,long,SBIN.NS,-0.5819577914656304
745,410.6499938964844,409.75,long,SBIN.NS,-0.21916325578011409
746,413.79998779296875,411.8500061035156,long,SBIN.NS,-0.4712377348905903
747,410.75,411.75,long,SBIN.NS,0.24345709068776628
748,416.70001220703125,415.54998779296875,long,SBIN.NS,-0.2759837725877309
749,416.1499938964844,415.54998779296875,long,SBIN.NS,-0.14418025046634364
750,416.54998779296875,412.20001220703125,long,SBIN.NS,-1.044286571459342
751,414.6000061035156,417.70001220703125,long,SBIN.NS,0.7477100959669615
752,422.5,427.0,long,SBIN.NS,1.0650887573964496
753,426.0,426.3999938964844,long,SBIN.NS,0.09389528086487675
754,427.45001220703125,425.29998779296875,long,SBIN.NS,-0.5029885022020205
755,423.70001220703125,432.8999938964844,long,SBIN.NS,2.1713432674997812
756,428.45001220703125,431.75,long,SBIN.NS,0.770215357439216
757,433.79998779296875,431.95001220703125,long,SBIN.NS,-0.4264581922534313
758,433.54998779296875,436.1000061035156,long,SBIN.NS,0.5881716946938479
759,436.54998779296875,435.79998779296875,long,SBIN.NS,-0.17180163119273364
760,440.79998779296875,436.1499938964844,long,SBIN.NS,-1.0548988260563077
761,436.8500061035156,435.8999938964844,long,SBIN.NS,-0.21746874070230318
762,434.29998779296875,435.0,long,SBIN.NS,0.1611817238560335
763,435.5,435.25,long,SBIN.NS,-0.0574052812858783
764,435.25,434.6499938964844,long,SBIN.NS,-0.1378532116061172
765,428.5,430.95001220703125,long,SBIN.NS,0.5717648091088098
766,426.45001220703125,426.5,long,SBIN.NS,0.011721841139139686
767,428.8999938964844,862.0,long,SBIN.NS,100.97925210230825
768,870.2000122070312,858.8499755859375,long,INDUSINDBK.NS,-1.3043020526174662
769,856.75,855.0999755859375,short,INDUSINDBK.NS,0.1929627483537067
770,855.3499755859375,855.9500122070312,long,INDUSINDBK.NS,0.07015100698199109
771,858.2000122070312,856.2000122070312,long,INDUSINDBK.NS,-0.23304590672943523
772,860.9000244140625,823.0999755859375,long,INDUSINDBK.NS,-4.390759409474068
773,820.1500244140625,844.9500122070312,short,INDUSINDBK.NS,-2.935083429159382
774,822.0499877929688,858.0,long,INDUSINDBK.NS,4.3732148580829575
775,860.5,854.5,long,INDUSINDBK.NS,-0.6972690296339338
776,860.5,839.9000244140625,long,INDUSINDBK.NS,-2.393954164548228
777,834.7000122070312,849.4000244140625,long,INDUSINDBK.NS,1.7611132133762561
778,844.4000244140625,853.0999755859375,long,INDUSINDBK.NS,1.0303115727539187
779,852.6500244140625,867.9500122070312,long,INDUSINDBK.NS,1.7944041933831922
780,850.2000122070312,861.9500122070312,long,INDUSINDBK.NS,1.382027738331621
781,864.4000244140625,872.3499755859375,long,INDUSINDBK.NS,0.9197074210246478
782,859.2999877929688,892.7000122070312,long,INDUSINDBK.NS,3.8868875699448484
783,872.2999877929688,909.7999877929688,long,INDUSINDBK.NS,4.298979768976017
784,912.75,950.0999755859375,long,INDUSINDBK.NS,4.092026906155848
785,916.3499755859375,931.75,long,INDUSINDBK.NS,1.6805832732428823
786,928.0,927.2000122070312,long,INDUSINDBK.NS,-0.08620558113887392
787,938.0,940.0,long,INDUSINDBK.NS,0.21321961620469082
788,942.1500244140625,941.9500122070312,long,INDUSINDBK.NS,-0.02122933735056056
789,942.0,962.4000244140625,long,INDUSINDBK.NS,2.165607687267781
790,937.75,932.9500122070312,long,INDUSINDBK.NS,-0.5118622013296454
791,941.0499877929688,921.4000244140625,long,INDUSINDBK.NS,-2.0880892230805967
792,918.0,927.5,long,INDUSINDBK.NS,1.0348583877995643
793,928.0,910.25,long,INDUSINDBK.NS,-1.9127155172413792
794,911.5,923.75,short,INDUSINDBK.NS,-1.3261163734776724
795,918.6500244140625,925.7000122070312,long,INDUSINDBK.NS,0.767429119426128
796,928.25,926.9000244140625,long,INDUSINDBK.NS,-0.14543232813762458
797,929.7999877929688,928.5,long,INDUSINDBK.NS,-0.1398137029507262
798,928.7999877929688,951.0,long,INDUSINDBK.NS,2.390182224246505
799,926.0999755859375,944.2999877929688,long,INDUSINDBK.NS,1.9652319065785764
800,939.5499877929688,927.7999877929688,long,INDUSINDBK.NS,-1.2505987071109548
801,945.6500244140625,935.7999877929688,long,INDUSINDBK.NS,-1.0416154356044105
802,931.9000244140625,938.25,short,INDUSINDBK.NS,-0.676789297728484
803,942.0499877929688,932.4000244140625,short,INDUSINDBK.NS,1.034959580247809
804,912.9000244140625,974.9500122070312,long,INDUSINDBK.NS,6.797018965225139
805,979.9500122070312,974.7000122070312,long,INDUSINDBK.NS,-0.5357416127967605
806,975.2000122070312,964.0999755859375,long,INDUSINDBK.NS,-1.138231796774963
807,974.75,968.0,long,INDUSINDBK.NS,-0.6924852526288792
808,977.5,968.4500122070312,long,INDUSINDBK.NS,-0.9258299532448848
809,967.0999755859375,969.3499755859375,short,INDUSINDBK.NS,-0.2321143092452192
810,969.5499877929688,976.8499755859375,long,INDUSINDBK.NS,0.75292536587887
811,980.0999755859375,1005.5999755859375,long,INDUSINDBK.NS,2.601775393857675
812,999.0999755859375,1007.2999877929688,long,INDUSINDBK.NS,0.8207399066567114
813,1008.75,1008.9500122070312,long,INDUSINDBK.NS,0.019827728082403965
814,1009.0,1003.4500122070312,long,INDUSINDBK.NS,-0.5500483441990832
815,1007.9500122070312,996.9500122070312,long,INDUSINDBK.NS,-1.0913239611867398
816,996.25,990.5499877929688,short,INDUSINDBK.NS,0.5754391274822355
817,999.5999755859375,1001.5499877929688,long,INDUSINDBK.NS,0.19507925716866964
818,993.4000244140625,1001.4500122070312,long,INDUSINDBK.NS,0.8103470500432972
819,1004.2000122070312,991.5,long,INDUSINDBK.NS,-1.2646895093258521
820,1002.7999877929688,996.5,long,INDUSINDBK.NS,-0.6282397157616841
821,1000.6500244140625,1010.0,long,INDUSINDBK.NS,0.9343901821630837
822,1008.6500244140625,1009.3499755859375,long,INDUSINDBK.NS,0.06939485004043999
823,1018.0,1016.6500244140625,long,INDUSINDBK.NS,-0.13261056836321217
824,1015.75,1014.1500244140625,long,INDUSINDBK.NS,-0.15751667102510458
825,1015.4500122070312,1019.0499877929688,long,INDUSINDBK.NS,0.35452021691477736
826,1029.199951171875,1028.0,long,INDUSINDBK.NS,-0.11659067516556942
827,1014.9000244140625,1009.5,long,INDUSINDBK.NS,-0.5320745180965114
828,1011.4000244140625,1006.0499877929688,long,INDUSINDBK.NS,-0.5289733529711158
829,1019.0999755859375,1011.1500244140625,long,INDUSINDBK.NS,-0.7800953157028709
830,1011.75,1023.7000122070312,long,INDUSINDBK.NS,1.181123025157524
831,1016.5999755859375,1029.5999755859375,long,INDUSINDBK.NS,1.2787724092268635
832,1026.550048828125,1020.3499755859375,long,INDUSINDBK.NS,-0.6039718423144878
833,1030.5,1013.8499755859375,long,INDUSINDBK.NS,-1.6157228931647258
834,1014.5499877929688,1025.550048828125,long,INDUSINDBK.NS,1.0842305620727035
835,1019.7999877929688,855.3499755859375,long,INDUSINDBK.NS,-16.125712313738184
836,860.9000244140625,901.2999877929688,long,TATASTEEL.NS,4.692759000257072
837,863.5499877929688,895.8499755859375,long,TATASTEEL.NS,3.7403726766900833
838,887.5,908.5,long,TATASTEEL.NS,2.3661971830985915
839,900.7999877929688,895.5499877929688,long,TATASTEEL.NS,-0.5828152832087526
840,904.5499877929688,895.25,long,TATASTEEL.NS,-1.028134201367908
841,903.9000244140625,890.0,long,TATASTEEL.NS,-1.5377833873909836
842,894.5999755859375,922.0999755859375,long,TATASTEEL.NS,3.073999636763715
843,896.4000244140625,930.5999755859375,long,TATASTEEL.NS,3.815255493129868
844,932.4500122070312,931.3499755859375,long,TATASTEEL.NS,-0.11797271775352924
845,940.25,929.0,long,TATASTEEL.NS,-1.1964902951342729
846,930.2999877929688,944.0,long,TATASTEEL.NS,1.4726445648497724
847,925.0999755859375,960.5,long,TATASTEEL.NS,3.8266160791584634
848,951.0,982.0,long,TATASTEEL.NS,3.2597266035751837
849,962.7000122070312,972.9000244140625,long,TATASTEEL.NS,1.0595213542843198
850,971.0,1007.0,long,TATASTEEL.NS,3.7075180226570548
851,1005.5499877929688,1018.4000244140625,long,TATASTEEL.NS,1.2779112701594926
852,1012.5499877929688,1046.5999755859375,long,TATASTEEL.NS,3.362795733886354
853,1025.4000244140625,1020.7999877929688,long,TATASTEEL.NS,-0.44860898298908447
854,1030.449951171875,1047.3499755859375,long,TATASTEEL.NS,1.6400626148647992
855,1024.1500244140625,1067.1500244140625,long,TATASTEEL.NS,4.1986036200703305
856,1045.5,1069.5999755859375,long,TATASTEEL.NS,2.3051148336621234
857,1073.050048828125,1058.800048828125,long,TATASTEEL.NS,-1.3279902475716194
858,1062.550048828125,1098.5999755859375,long,TATASTEEL.NS,3.3927744671953644
859,1066.949951171875,1093.1500244140625,long,TATASTEEL.NS,2.4556047088629493
860,1102.5,1096.449951171875,long,TATASTEEL.NS,-0.5487572633219955
861,1103.0,1135.199951171875,long,TATASTEEL.NS,2.919306543234361
862,1103.699951171875,1168.5,long,TATASTEEL.NS,5.871165325260935
863,1141.6500244140625,1173.0,long,TATASTEEL.NS,2.7460232922105425
864,1171.800048828125,1210.0999755859375,long,TATASTEEL.NS,3.2684694625260406
865,1220.199951171875,1209.550048828125,long,TATASTEEL.NS,-0.8727997680643961
866,1212.5999755859375,1183.3499755859375,long,TATASTEEL.NS,-2.4121722405499946
867,1211.75,1195.4000244140625,long,TATASTEEL.NS,-1.3492862047400456
868,1189.949951171875,1235.1500244140625,short,TATASTEEL.NS,-3.65948041523375
869,1237.199951171875,1115.699951171875,long,TATASTEEL.NS,-9.820562948205364
870,1119.0,1154.5999755859375,long,TATASTEEL.NS,3.1814097932026364
871,1130.0,1182.3499755859375,long,TATASTEEL.NS,4.632741202295354
872,1181.8499755859375,1182.5,long,TATASTEEL.NS,0.05500058615648157
873,1187.9000244140625,1177.3499755859375,long,TATASTEEL.NS,-0.8881259879869825
874,1181.9000244140625,1164.25,long,TATASTEEL.NS,-1.4933601869424324
875,1166.9000244140625,1122.0,long,TATASTEEL.NS,-3.847803879908926
876,1125.0,1118.3499755859375,short,TATASTEEL.NS,0.5946282075589397
877,1112.8499755859375,1110.449951171875,long,TATASTEEL.NS,-0.2156646867695567
878,1114.5,1094.699951171875,long,TATASTEEL.NS,-1.776585807817407
879,1114.0,1091.1500244140625,long,TATASTEEL.NS,-2.05116477432114
880,1092.6500244140625,1092.199951171875,short,TATASTEEL.NS,0.04120795296727438
881,1095.0,1092.449951171875,long,TATASTEEL.NS,-0.23288117151826485
882,1096.300048828125,1116.550048828125,long,TATASTEEL.NS,1.8471220558318828
883,1108.300048828125,1081.3499755859375,long,TATASTEEL.NS,-2.431658581147181
884,1106.699951171875,1078.0,long,TATASTEEL.NS,-2.5932910850393434
885,1087.550048828125,1078.5,long,TATASTEEL.NS,-0.8321501008506926
886,1076.449951171875,1081.5999755859375,short,TATASTEEL.NS,-0.4761487176691703
887,1084.6500244140625,1098.550048828125,long,TATASTEEL.NS,1.2815216061578403
888,1086.300048828125,1139.5999755859375,long,TATASTEEL.NS,4.90655660149433
889,1104.199951171875,1110.0,long,TATASTEEL.NS,0.5252716070100776
890,1120.949951171875,1105.75,long,TATASTEEL.NS,-1.355988387883376
891,1114.050048828125,1115.4000244140625,long,TATASTEEL.NS,0.12117728349435883
892,1116.0999755859375,1107.050048828125,long,TATASTEEL.NS,-0.8108526974083491
893,1117.3499755859375,1109.25,long,TATASTEEL.NS,-0.7249273515838114
894,1108.75,1099.050048828125,short,TATASTEEL.NS,0.8825759283863085
895,1096.1500244140625,1115.9000244140625,long,TATASTEEL.NS,1.8017606678024927
896,1102.300048828125,1109.300048828125,long,TATASTEEL.NS,0.6350358060350108
897,1119.0,1120.550048828125,long,TATASTEEL.NS,0.13852089616845398
898,1113.4000244140625,1125.1500244140625,long,TATASTEEL.NS,1.0553260052408884
899,1121.0,1114.050048828125,long,TATASTEEL.NS,-0.6199778030218555
900,1117.5999755859375,1111.699951171875,short,TATASTEEL.NS,0.5307209384909223
901,1109.550048828125,1144.0999755859375,short,TATASTEEL.NS,-3.0198345857072635
902,1118.0,1129.199951171875,long,TATASTEEL.NS,1.0017845413126119
903,1139.800048828125,1130.550048828125,long,TATASTEEL.NS,-0.8115458504770465
904,1134.0,1110.0,long,TATASTEEL.NS,-2.1164021164021163
905,1110.9000244140625,1113.0,long,TATASTEEL.NS,0.18903371498664964
906,1114.300048828125,1115.5,long,TATASTEEL.NS,0.10768654036558212
907,1121.75,1116.449951171875,long,TATASTEEL.NS,-0.47248039475150433
908,1121.550048828125,1112.550048828125,long,TATASTEEL.NS,-0.8024608450959311
909,1114.0999755859375,4820.0,long,TATASTEEL.NS,332.63621807953297
910,4832.7001953125,4822.35009765625,long,DRREDDY.NS,-0.2141680062481245
911,4810.2998046875,4837.39990234375,long,DRREDDY.NS,0.5633764787351035
912,4833.10009765625,4841.0,long,DRREDDY.NS,0.1634541429750432
913,4843.0,4905.0,long,DRREDDY.NS,1.2801982242411727
914,4847.60009765625,4930.35009765625,long,DRREDDY.NS,1.7070302486380533
915,4939.0,5150.2001953125,long,DRREDDY.NS,4.2761732195282445
916,4973.0,5185.0,long,DRREDDY.NS,4.26302030967223
917,5146.75,5175.0,long,DRREDDY.NS,0.5488900762617185
918,5193.0,5214.9501953125,long,DRREDDY.NS,0.4226881438956287
919,5259.10009765625,5210.35009765625,long,DRREDDY.NS,-0.9269646725630063
920,5256.0,5221.0,long,DRREDDY.NS,-0.6659056316590563
921,5250.7998046875,5034.10009765625,long,DRREDDY.NS,-4.126984746929365
922,5080.0,5086.0,long,DRREDDY.NS,0.11811023622047244
923,5073.0,5072.0498046875,long,DRREDDY.NS,-0.01873044179972403
924,5097.64990234375,5027.0,long,DRREDDY.NS,-1.3859308445499021
925,5081.9501953125,5045.0498046875,long,DRREDDY.NS,-0.7261068921737222
926,5055.0,5047.0,long,DRREDDY.NS,-0.1582591493570722
927,5033.9501953125,5076.85009765625,short,DRREDDY.NS,-0.8450102232396999
928,5061.0,5112.0,long,DRREDDY.NS,1.007705986959099
929,5064.7998046875,5145.2998046875,long,DRREDDY.NS,1.5894014196868513
930,5108.5,5151.7001953125,long,DRREDDY.NS,0.8456532311343838
931,5158.0,5179.0,long,DRREDDY.NS,0.40713454827452494
932,5155.5,5189.5498046875,long,DRREDDY.NS,0.6604559147997285
933,5174.0,5150.14990234375,long,DRREDDY.NS,-0.4609605267926169
934,5197.85009765625,5076.89990234375,long,DRREDDY.NS,-2.3269273457316006
935,5066.39990234375,5145.25,short,DRREDDY.NS,-1.5324833128856712
936,5128.14990234375,5167.2001953125,long,DRREDDY.NS,0.7614889133974536
937,5166.2998046875,5156.25,long,DRREDDY.NS,-0.1945261612262917
938,5163.7001953125,5190.9501953125,long,DRREDDY.NS,0.5277223496580414
939,5159.0,5199.10009765625,long,DRREDDY.NS,0.7772843120032952
940,5197.5,5327.14990234375,long,DRREDDY.NS,2.4944666155603654
941,5286.39990234375,5330.7001953125,long,DRREDDY.NS,0.838004952086755
942,5329.2998046875,5295.0498046875,long,DRREDDY.NS,-0.64267354540412
943,5338.9501953125,5288.2001953125,long,DRREDDY.NS,-0.9505614052095404
944,5275.14990234375,5285.60009765625,short,DRREDDY.NS,-0.19771066897652442
945,5298.60009765625,5300.0498046875,long,DRREDDY.NS,0.027360189569529025
946,5303.9501953125,5331.0498046875,long,DRREDDY.NS,0.5109325762325213
947,5329.0,5335.0,long,DRREDDY.NS,0.1125914805779696
948,5346.0,5295.5,long,DRREDDY.NS,-0.9446315001870558
949,5247.2001953125,5225.2001953125,short,DRREDDY.NS,0.4210364996107917
950,5217.9501953125,5272.5,long,DRREDDY.NS,1.0454259363476552
951,5221.0,5261.7001953125,long,DRREDDY.NS,0.7795478895326566
952,5273.5,5225.0,long,DRREDDY.NS,-0.9196928036408458
953,5248.7998046875,5222.0,long,DRREDDY.NS,-0.5105891953350199
954,5232.5498046875,5260.60009765625,long,DRREDDY.NS,0.536073119526193
955,5222.0,5214.5,long,DRREDDY.NS,-0.1436231328992723
956,5257.2001953125,5245.0,long,DRREDDY.NS,-0.23206640149215
957,5217.7001953125,5262.5,long,DRREDDY.NS,0.8586120898197148
958,5264.0,5267.9501953125,long,DRREDDY.NS,0.07504170426481763
959,5265.85009765625,5289.5498046875,long,DRREDDY.NS,0.45006421739575114
960,5276.2001953125,5319.64990234375,long,DRREDDY.NS,0.8235037607149883
961,5298.5,5289.0,long,DRREDDY.NS,-0.17929602717750306
962,5297.89990234375,5225.10009765625,long,DRREDDY.NS,-1.3741257107423628
963,5272.10009765625,5175.0498046875,long,DRREDDY.NS,-1.8408279655368152
964,5160.0,5192.2001953125,short,DRREDDY.NS,-0.6201647490705428
965,5212.0,5194.0,long,DRREDDY.NS,-0.34535686876438987
966,5192.0,5201.14990234375,short,DRREDDY.NS,-0.17592075820823502
967,5206.7998046875,5251.75,long,DRREDDY.NS,0.8632979372864098
968,5227.60009765625,5285.5,long,DRREDDY.NS,1.1075809408165886
969,5265.89990234375,5301.0,long,DRREDDY.NS,0.6665545928935647
970,5297.2001953125,5300.0,long,DRREDDY.NS,0.052854424682260474
971,5299.0,5300.5,short,DRREDDY.NS,-0.028299217054994812
972,5302.25,5317.5498046875,long,DRREDDY.NS,0.2885530612004338
973,5311.85009765625,5246.5498046875,long,DRREDDY.NS,-1.2293323751278764
974,5252.35009765625,5264.5,short,DRREDDY.NS,-0.23078929326146833
975,5256.5498046875,5220.0,long,DRREDDY.NS,-0.6953192882317392
976,5227.7998046875,5280.75,long,DRREDDY.NS,1.012858129437594
977,5200.0,5249.0,long,DRREDDY.NS,0.9423076923076923
978,5264.39990234375,5243.0,long,DRREDDY.NS,-0.40650221755042976
979,5230.5498046875,5276.25,short,DRREDDY.NS,-0.8661491648898366
980,5254.89990234375,5281.5498046875,long,DRREDDY.NS,0.5071438626616621
981,5290.35009765625,5292.0498046875,long,DRREDDY.NS,0.03212844140509737
982,5293.64990234375,629.5499877929688,long,DRREDDY.NS,-88.10744950257785
983,624.0999755859375,634.0499877929688,long,SUNPHARMA.NS,1.594297804240364
984,639.7999877929688,634.0,long,SUNPHARMA.NS,-0.9065314010048955
985,634.7000122070312,628.7999877929688,long,SUNPHARMA.NS,-0.9295768552999468
986,633.9000244140625,640.2999877929688,long,SUNPHARMA.NS,1.0096171529291194
987,639.5,642.5,long,SUNPHARMA.NS,0.46911649726348714
988,649.0,642.2000122070312,long,SUNPHARMA.NS,-1.0477639126300076
989,640.5,643.5999755859375,long,SUNPHARMA.NS,0.48399306572014056
990,644.5499877929688,645.5999755859375,long,SUNPHARMA.NS,0.16290246107428505
991,646.1500244140625,650.0,long,SUNPHARMA.NS,0.5958330790792292
992,650.3499755859375,646.7000122070312,long,SUNPHARMA.NS,-0.5612306474860385
993,652.5,638.7999877929688,long,SUNPHARMA.NS,-2.099618729046935
994,640.25,634.7999877929688,short,SUNPHARMA.NS,0.8585400617255048
995,637.5,632.7999877929688,long,SUNPHARMA.NS,-0.7372568167892157
996,632.7999877929688,634.7000122070312,short,SUNPHARMA.NS,-0.29935786631791267
997,635.0499877929688,639.25,long,SUNPHARMA.NS,0.6613671817596329
998,637.7999877929688,644.7999877929688,long,SUNPHARMA.NS,1.097522755405291
999,642.0999755859375,641.5,long,SUNPHARMA.NS,-0.09343959021178944
1000,642.0,644.5999755859375,long,SUNPHARMA.NS,0.4049806208625389
1001,644.4500122070312,646.8499755859375,long,SUNPHARMA.NS,0.37240489307885305
1002,647.4000244140625,647.7999877929688,long,SUNPHARMA.NS,0.06177994498351183
1003,648.9500122070312,645.2000122070312,long,SUNPHARMA.NS,-0.5778565266138952
1004,650.0,662.2000122070312,long,SUNPHARMA.NS,1.8769249549278846
1005,647.5,653.2000122070312,long,SUNPHARMA.NS,0.8803107655646718
1006,655.4500122070312,657.5999755859375,long,SUNPHARMA.NS,0.328013325023352
1007,656.2999877929688,658.6500244140625,long,SUNPHARMA.NS,0.35807354331919844
1008,660.9500122070312,658.4000244140625,long,SUNPHARMA.NS,-0.38580645220867477
1009,661.6500244140625,655.75,long,SUNPHARMA.NS,-0.8917137756153467
1010,655.0499877929688,686.3499755859375,short,SUNPHARMA.NS,-4.560353887424259
1011,671.2000122070312,687.0,long,SUNPHARMA.NS,2.3539909871299667
1012,695.2999877929688,683.25,long,SUNPHARMA.NS,-1.7330631388644195
1013,676.8499755859375,679.7000122070312,long,SUNPHARMA.NS,0.42107360920365283
1014,685.7999877929688,699.4500122070312,long,SUNPHARMA.NS,1.990379798341905
1015,690.1500244140625,720.0,long,SUNPHARMA.NS,4.325143016734678
1016,701.7000122070312,707.1500244140625,long,SUNPHARMA.NS,0.7766869192277092
1017,708.5,708.9500122070312,long,SUNPHARMA.NS,0.0635161901243825
1018,711.2999877929688,705.0,long,SUNPHARMA.NS,-0.8857005343858415
1019,706.7999877929688,703.0,long,SUNPHARMA.NS,-0.5376326908033022
1020,706.5499877929688,691.5,long,SUNPHARMA.NS,-2.1300669525138614
1021,692.8499755859375,683.7000122070312,long,SUNPHARMA.NS,-1.3206269324276443
1022,685.7999877929688,684.0,short,SUNPHARMA.NS,0.2631561100831506
1023,686.1500244140625,690.2999877929688,short,SUNPHARMA.NS,-0.6011825948562649
1024,691.0999755859375,698.4500122070312,long,SUNPHARMA.NS,1.0635272581021502
1025,690.0,696.75,long,SUNPHARMA.NS,0.9782608695652175
1026,700.0,694.8499755859375,long,SUNPHARMA.NS,-0.7357177734375
1027,701.25,690.8499755859375,long,SUNPHARMA.NS,-1.4830694351604279
1028,692.2999877929688,689.2999877929688,short,SUNPHARMA.NS,0.43522414813984445
1029,690.5499877929688,690.5,short,SUNPHARMA.NS,0.00723936176230992
1030,690.5,691.4000244140625,long,SUNPHARMA.NS,0.13034386879978277
1031,692.5,690.5999755859375,long,SUNPHARMA.NS,-0.2743717565433213
1032,692.5999755859375,691.5999755859375,long,SUNPHARMA.NS,-0.14438348761909833
1033,693.2000122070312,692.7000122070312,long,SUNPHARMA.NS,-0.07212925435590874
1034,695.0,695.3499755859375,long,SUNPHARMA.NS,0.05035619941546762
1035,694.5499877929688,703.3499755859375,long,SUNPHARMA.NS,1.2670056795957856
1036,696.25,702.7999877929688,long,SUNPHARMA.NS,0.9407522862432676
1037,702.5,702.7000122070312,long,SUNPHARMA.NS,0.028471488545373663
1038,702.25,681.3499755859375,long,SUNPHARMA.NS,-2.976151571956212
1039,701.0499877929688,679.25,long,SUNPHARMA.NS,-3.1096195952586814
1040,680.7000122070312,670.0499877929688,short,SUNPHARMA.NS,1.5894372969309167
1041,671.3499755859375,665.5,long,SUNPHARMA.NS,-0.8713749607023948
1042,666.2999877929688,673.7000122070312,long,SUNPHARMA.NS,1.1106145204315716
1043,666.4500122070312,676.5,long,SUNPHARMA.NS,1.507988237510414
1044,676.0,677.2000122070312,long,SUNPHARMA.NS,0.17751659867326183
1045,677.2999877929688,677.4500122070312,long,SUNPHARMA.NS,0.02215036420587655
1046,679.2999877929688,675.9500122070312,long,SUNPHARMA.NS,-0.49315113295106916
1047,679.0999755859375,674.7999877929688,long,SUNPHARMA.NS,-0.6331892133052511
1048,677.75,675.2000122070312,long,SUNPHARMA.NS,-0.376243126959609
1049,676.8499755859375,674.9000244140625,long,SUNPHARMA.NS,-0.28809207981236323
1050,676.0499877929688,674.5,long,SUNPHARMA.NS,-0.22927118126705934
1051,676.4000244140625,672.2000122070312,long,SUNPHARMA.NS,-0.6209361406616666
1052,672.3499755859375,681.2999877929688,short,SUNPHARMA.NS,-1.3136668673698775
1053,671.0499877929688,676.25,long,SUNPHARMA.NS,0.7749068328178778
1054,680.9500122070312,675.7999877929688,long,SUNPHARMA.NS,-0.7562999224231929
1055,674.7000122070312,679.2000122070312,short,SUNPHARMA.NS,-0.662544157703626
1056,679.5499877929688,676.5,long,SUNPHARMA.NS,-0.4488246409766631
1057,679.6500244140625,87.94999694824219,long,SUNPHARMA.NS,-87.0595168411764
1058,88.0,89.0,short,IOC.NS,-1.1235955056179776
1059,88.30000305175781,90.8499984741211,long,IOC.NS,2.8878769357103864
1060,89.4000015258789,88.6500015258789,long,IOC.NS,-0.8389261601778555
1061,87.44999694824219,88.30000305175781,long,IOC.NS,0.9719910042063309
1062,88.69999694824219,88.0999984741211,long,IOC.NS,-0.6764357325414588
1063,88.19999694824219,88.30000305175781,short,IOC.NS,-0.11325719146012436
1064,88.1500015258789,88.1500015258789,long,IOC.NS,0.0
1065,88.30000305175781,88.3499984741211,long,IOC.NS,0.056619955419453374
1066,88.44999694824219,88.19999694824219,long,IOC.NS,-0.2826455722166855
1067,88.25,88.6500015258789,long,IOC.NS,0.4532595194095255
1068,88.30000305175781,88.80000305175781,long,IOC.NS,0.5662513960581866
1069,88.75,88.9000015258789,long,IOC.NS,0.1690158038072183
1070,88.80000305175781,89.19999694824219,long,IOC.NS,0.4504435616418113
1071,89.19999694824219,89.4000015258789,long,IOC.NS,0.2242203861876479
1072,89.1500015258789,89.4000015258789,long,IOC.NS,0.2804262430970669
1073,89.44999694824219,90.9000015258789,long,IOC.NS,1.6210225009574057
1074,89.0999984741211,90.75,long,IOC.NS,1.8518535961121767
1075,91.5999984741211,91.3499984741211,long,IOC.NS,-0.2729257687385554
1076,91.44999694824219,92.6500015258789,long,IOC.NS,1.312197504299408
1077,91.4000015258789,91.80000305175781,long,IOC.NS,0.43763842363356
1078,92.55000305175781,91.69999694824219,long,IOC.NS,-0.9184290388842733
1079,91.4000015258789,92.4000015258789,short,IOC.NS,-1.0822510643789602
1080,93.1500015258789,92.1500015258789,long,IOC.NS,-1.0735372878358787
1081,92.8499984741211,92.1500015258789,long,IOC.NS,-0.7539008721010252
1082,92.0,92.44999694824219,short,IOC.NS,-0.4867463094607961
1083,92.5999984741211,92.80000305175781,long,IOC.NS,0.21598766839355188
1084,92.4000015258789,94.8499984741211,long,IOC.NS,2.651511804960312
1085,92.80000305175781,98.94999694824219,long,IOC.NS,6.627148377413638
1086,97.0,103.30000305175781,long,IOC.NS,6.494848506966817
1087,104.1500015258789,103.55000305175781,long,IOC.NS,-0.5760907012296181
1088,103.5999984741211,103.19999694824219,long,IOC.NS,-0.386101864643198
1089,104.80000305175781,100.80000305175781,long,IOC.NS,-3.8167937819853983
1090,101.25,101.05000305175781,long,IOC.NS,-0.19752785011574073
1091,101.3499984741211,100.19999694824219,long,IOC.NS,-1.1346833183944742
1092,101.0999984741211,105.5,long,IOC.NS,4.3521281822820095
1093,103.1500015258789,105.25,long,IOC.NS,2.035868582701119
1094,105.44999694824219,108.30000305175781,long,IOC.NS,2.7027085689860075
1095,105.80000305175781,105.9000015258789,long,IOC.NS,0.09451651345621802
1096,105.44999694824219,105.9000015258789,short,IOC.NS,-0.4249334949506593
1097,106.9000015258789,104.9000015258789,long,IOC.NS,-1.8709073633790638
1098,106.25,104.55000305175781,long,IOC.NS,-1.5999971277573528
1099,105.0,104.30000305175781,long,IOC.NS,-0.6666637602306548
1100,104.3499984741211,108.0,short,IOC.NS,-3.3796310424804688
1101,105.75,111.0,long,IOC.NS,4.964539007092199
1102,108.75,110.1500015258789,long,IOC.NS,1.2873577249461208
1103,110.4000015258789,111.55000305175781,long,IOC.NS,1.0416680344060811
1104,110.9000015258789,112.44999694824219,long,IOC.NS,1.397651398590454
1105,111.69999694824219,112.5999984741211,long,IOC.NS,0.8057310210097275
1106,112.6500015258789,111.0,long,IOC.NS,-1.4647150497373531
1107,111.30000305175781,108.55000305175781,long,IOC.NS,-2.4707995728635948
1108,108.8499984741211,109.5,short,IOC.NS,-0.593608699432791
1109,109.5,108.80000305175781,long,IOC.NS,-0.639266619399258
1110,109.69999694824219,109.5999984741211,long,IOC.NS,-0.09115631440561868
1111,110.0999984741211,110.69999694824219,long,IOC.NS,0.544957749715249
1112,109.5999984741211,110.5,long,IOC.NS,0.8211692868694846
1113,110.9000015258789,112.30000305175781,long,IOC.NS,1.2623999157946006
1114,110.69999694824219,114.75,long,IOC.NS,3.6585394430059406
1115,112.44999694824219,114.75,long,IOC.NS,2.0453562598284853
1116,114.69999694824219,115.4000015258789,long,IOC.NS,0.6102917142644672
1117,115.0,114.6500015258789,long,IOC.NS,-0.3043464992357337
1118,114.69999694824219,114.1500015258789,short,IOC.NS,0.4818181471846866
1119,115.1500015258789,115.1500015258789,long,IOC.NS,0.0
1120,114.3499984741211,116.55000305175781,long,IOC.NS,1.9239218250926422
1121,115.75,117.19999694824219,long,IOC.NS,1.2526971475094493
1122,117.0999984741211,115.69999694824219,long,IOC.NS,-1.195560669617177
1123,116.0999984741211,115.94999694824219,long,IOC.NS,-0.12920028238617237
1124,115.94999694824219,115.94999694824219,long,IOC.NS,0.0
1125,530.5499877929688,529.7999877929688,long,BHARTIARTL.NS,-0.1413627400350945
1126,530.4500122070312,542.1500244140625,long,BHARTIARTL.NS,2.205676677874184
1127,534.6500244140625,537.2999877929688,long,BHARTIARTL.NS,0.4956444885250715
1128,540.1500244140625,541.2000122070312,long,BHARTIARTL.NS,0.19438817837835762
1129,540.8499755859375,541.1500244140625,long,BHARTIARTL.NS,0.05547727496889277
1130,530.0,533.4500122070312,long,BHARTIARTL.NS,0.6509456994398585
1131,533.3499755859375,531.6500244140625,long,BHARTIARTL.NS,-0.3187308989763121
1132,531.0499877929688,530.2999877929688,short,BHARTIARTL.NS,0.14142938285203263
1133,529.75,530.5499877929688,long,BHARTIARTL.NS,0.15101232524185937
1134,531.0499877929688,530.6500244140625,long,BHARTIARTL.NS,-0.07531558009604489
1135,525.4000244140625,524.2999877929688,long,BHARTIARTL.NS,-0.2093712542782111
1136,526.4500122070312,534.0499877929688,long,BHARTIARTL.NS,1.4436272029088186
1137,535.25,536.9500122070312,long,BHARTIARTL.NS,0.31761087473727234
1138,540.6500244140625,544.6500244140625,long,BHARTIARTL.NS,0.7398501469291635
1139,547.4000244140625,545.0999755859375,long,BHARTIARTL.NS,-0.42017696849520136
1140,544.2000122070312,543.5499877929688,long,BHARTIARTL.NS,-0.1194458653953888
1141,544.8499755859375,543.5,long,BHARTIARTL.NS,-0.24777014709154052
1142,541.7999877929688,541.5,short,BHARTIARTL.NS,0.05539940775046168
1143,534.9500122070312,546.2999877929688,long,BHARTIARTL.NS,2.1216890040082736
1144,562.1500244140625,557.4000244140625,long,BHARTIARTL.NS,-0.8449701669854051
1145,550.75,551.2000122070312,short,BHARTIARTL.NS,-0.08164227087539051
1146,561.7999877929688,560.25,long,BHARTIARTL.NS,-0.2758967295563457
1147,559.25,570.7999877929688,long,BHARTIARTL.NS,2.0652637984745192
1148,571.0999755859375,570.0,long,BHARTIARTL.NS,-0.1926064844966849
1149,571.6500244140625,569.0,long,BHARTIARTL.NS,-0.4635746174906154
1150,575.5499877929688,569.4500122070312,long,BHARTIARTL.NS,-1.059851570726073
1151,573.25,575.2000122070312,long,BHARTIARTL.NS,0.34016785120475357
1152,568.2999877929688,568.25,short,BHARTIARTL.NS,0.008796795946986362
1153,570.2000122070312,570.0,long,BHARTIARTL.NS,-0.035077552218400955
1154,571.25,569.0,long,BHARTIARTL.NS,-0.39387308533916854
1155,564.2999877929688,563.5499877929688,long,BHARTIARTL.NS,-0.13290803051995834
1156,554.7999877929688,551.4000244140625,short,BHARTIARTL.NS,0.6166055909263285
1157,550.0999755859375,549.7999877929688,short,BHARTIARTL.NS,0.05456307741529318
1158,544.7000122070312,552.0999755859375,short,BHARTIARTL.NS,-1.3403303217053673
1159,542.6500244140625,541.9500122070312,short,BHARTIARTL.NS,0.12916545645612737
1160,538.9000244140625,534.5499877929688,long,BHARTIARTL.NS,-0.8072066105069258
1161,528.1500244140625,525.4500122070312,long,BHARTIARTL.NS,-0.5112206915121671
1162,525.9500122070312,526.2000122070312,short,BHARTIARTL.NS,-0.04751045119733644
1163,531.0999755859375,529.5,long,BHARTIARTL.NS,-0.3012569496303069
1164,528.9000244140625,528.75,short,BHARTIARTL.NS,0.028373411643026
1165,529.2999877929688,528.0,long,BHARTIARTL.NS,-0.2456051054127795
1166,530.2000122070312,528.7999877929688,long,BHARTIARTL.NS,-0.26405590000549106
1167,527.5499877929688,527.25,long,BHARTIARTL.NS,-0.05686433511708789
1168,527.75,528.7999877929688,long,BHARTIARTL.NS,0.19895552685338702
1169,525.2000122070312,525.3499755859375,short,BHARTIARTL.NS,-0.028545424169667405
1170,523.0999755859375,523.7999877929688,short,BHARTIARTL.NS,-0.13364112702269265
1171,522.6500244140625,523.0499877929688,short,BHARTIARTL.NS,-0.07646752475684249
1172,523.25,523.7999877929688,long,BHARTIARTL.NS,0.10510994610009555
1173,523.7000122070312,522.7000122070312,long,BHARTIARTL.NS,-0.19094901216169458
1174,523.75,525.2000122070312,long,BHARTIARTL.NS,0.276851972702864
1175,529.9500122070312,532.2000122070312,long,BHARTIARTL.NS,0.4245683457255985
1176,531.9000244140625,532.7999877929688,long,BHARTIARTL.NS,0.16919784500811852
1177,534.6500244140625,533.9000244140625,long,BHARTIARTL.NS,-0.14027868058585527
1178,532.7000122070312,532.0,long,BHARTIARTL.NS,-0.13140833320634385
1179,532.3499755859375,532.0,long,BHARTIARTL.NS,-0.0657416365150191
1180,534.5,531.6500244140625,long,BHARTIARTL.NS,-0.5332040385289991
1181,529.4000244140625,530.25,long,BHARTIARTL.NS,0.16055450448425065
1182,530.2999877929688,531.6500244140625,long,BHARTIARTL.NS,0.2545797948652433
1183,532.0,533.7999877929688,long,BHARTIARTL.NS,0.3383435701069079
1184,532.7000122070312,531.75,long,BHARTIARTL.NS,-0.1783390623730702
1185,538.9000244140625,537.25,long,BHARTIARTL.NS,-0.3061837705159775
1186,538.0,537.7999877929688,long,BHARTIARTL.NS,-0.037176990154507435
1187,538.0,549.25,long,BHARTIARTL.NS,2.0910780669144984
1188,544.3499755859375,544.9000244140625,long,BHARTIARTL.NS,0.10104690967110419
